attempt,round,action,lives,lives_lost,cash
1,1,place,200,0,650
1,2,upgrade,193,7,444
1,3,none,193,0,371
1,4,none,191,2,507
1,5,place,181,10,672
1,6,none,179,2,409
1,7,none,175,4,568
1,8,place,165,10,740
1,9,none,165,0,640
1,10,none,165,0,839
1,11,none,165,0,1153
1,12,none,165,0,1342
1,13,none,165,0,1534
1,14,none,165,0,1816
1,15,none,165,0,2075
1,16,place,156,9,2332
1,17,none,156,0,2260
1,18,upgrade,148,8,2421
1,19,none,148,0,2589
1,19,none,148,0,2589
1,20,none,145,3,2846
1,20,none,145,3,2846
1,21,none,145,0,3032
1,21,none,145,0,3032
1,22,place,135,10,3373
1,22,upgrade,135,10,3373
1,23,place,84,51,2220
1,24,upgrade,78,6,1851
1,25,none,75,3,1590
1,26,none,75,0,1925
1,27,upgrade,36,39,2219
1,28,none,36,0,2456
1,29,none,36,0,2722
1,29,none,36,0,2722
1,30,none,36,0,3111
1,30,none,36,0,3111
1,31,none,36,0,3448
1,31,none,36,0,3448
2,1,place,200,0,650
2,2,none,200,0,301
2,3,none,200,0,438
2,4,none,200,0,576
2,5,none,200,0,751
2,6,none,200,0,915
2,7,none,200,0,1078
2,8,none,197,3,1257
2,9,upgrade,188,9,1448
2,10,none,188,0,1097
2,11,none,188,0,1411
2,12,upgrade,185,3,1597
2,13,none,185,0,1409
2,14,place,183,2,1689
2,15,place,183,0,1628
2,16,place,183,0,1619
2,17,none,183,0,867
2,18,none,182,1,1031
2,19,none,182,0,1389
2,20,upgrade,172,10,1639
2,21,none,172,0,1570
2,22,upgrade,158,14,1907
2,23,place,153,5,1945
2,24,none,153,0,1752
2,25,none,150,3,1916
2,26,place,141,9,2242
2,27,none,141,0,1555
2,28,none,141,0,2217
2,29,none,141,0,2483
2,30,none,141,0,2872
2,30,none,141,0,2872
2,31,none,141,0,3209
2,31,none,141,0,3209
2,32,upgrade,99,42,3704
2,32,upgrade,99,42,3704
2,33,upgrade,66,33,3448
2,33,upgrade,66,33,3448
3,1,place,200,0,650
3,2,none,200,0,301
3,3,none,200,0,438
3,4,none,200,0,576
3,5,none,200,0,751
3,6,place,186,14,901
3,7,none,186,0,724
3,8,none,186,0,906
3,9,none,186,0,1106
3,10,none,186,0,1305
3,11,none,186,0,1619
3,12,none,186,0,1808
3,13,none,186,0,2000
3,14,none,186,0,2282
3,15,place,182,4,2537
3,15,upgrade,182,4,2537
3,16,place,176,6,2552
3,16,upgrade,176,6,2552
3,17,place,171,5,1585
3,18,none,171,0,1475
3,19,none,171,0,1833
3,20,none,168,3,2090
3,21,none,168,0,2276
3,22,place,140,28,2599
3,22,upgrade,140,28,2599
3,23,upgrade,132,8,2379
3,24,none,132,0,2106
3,25,none,132,0,2273
3,26,none,128,4,2604
3,26,upgrade,128,4,2604
3,27,upgrade,124,4,2678
3,27,upgrade,124,4,2678
3,28,upgrade,112,12,2733
3,28,upgrade,112,12,2733
3,29,upgrade,112,0,2669
3,29,upgrade,112,0,2669
3,30,none,112,0,1528
3,31,none,112,0,1865
3,32,upgrade,69,43,2397
3,33,none,69,0,2599
3,33,none,69,0,2599
3,34,none,69,0,2804
3,34,none,69,0,2804
3,35,none,67,2,3714
3,35,none,67,2,3714
4,1,place,200,0,650
4,2,place,200,0,301
4,3,none,200,0,218
4,4,none,200,0,356
4,5,none,199,1,530
4,6,none,198,1,693
4,7,none,198,0,856
4,8,none,198,0,1038
4,9,none,196,2,1236
4,10,none,193,3,1432
4,11,none,193,0,1746
4,12,place,191,2,1933
4,13,none,191,0,1805
4,14,none,191,0,2087
4,15,none,191,0,2346
4,16,place,181,10,2602
4,16,upgrade,181,10,2602
4,17,upgrade,179,2,2318
4,18,upgrade,157,22,2299
4,19,upgrade,157,0,2402
4,20,upgrade,148,9,2445
4,21,upgrade,140,8,2498
4,22,upgrade,129,11,2628
4,22,place,129,11,2628
4,23,none,129,0,1991
4,24,place,122,7,2261
4,25,none,122,0,2088
4,26,none,122,0,2423
4,27,none,122,0,2756
4,27,none,122,0,2756
4,28,none,122,0,3418
4,28,none,122,0,3418
4,29,none,122,0,3684
4,29,none,122,0,3684
4,30,none,122,0,4073
4,30,none,122,0,4073
4,31,none,119,3,4407
4,31,none,119,3,4407
4,32,upgrade,103,16,4928
4,32,upgrade,103,16,4928
4,33,none,103,0,4750
4,33,none,103,0,4750
4,34,none,103,0,4955
4,34,none,103,0,4955
4,35,none,101,2,5865
4,35,none,101,2,5865
4,35,none,101,2,5865
4,36,upgrade,80,21,6994
4,36,upgrade,80,21,6994
4,36,upgrade,80,21,6994
4,37,place,61,19,7243
4,37,upgrade,61,19,7243
4,37,upgrade,61,19,7243
4,38,none,61,0,6142
4,38,none,61,0,6142
4,38,place,61,0,6142
4,39,none,61,0,7199
4,39,none,61,0,7199
4,39,none,61,0,7199
5,1,place,200,0,650
5,2,none,200,0,496
5,3,none,200,0,633
5,4,none,200,0,771
5,5,place,178,22,924
5,6,none,178,0,768
5,7,none,178,0,931
5,8,none,178,0,1113
5,9,upgrade,169,9,1304
5,10,upgrade,127,42,1291
5,11,none,127,0,1350
5,12,upgrade,125,2,1537
5,13,upgrade,114,11,1508
5,14,none,114,0,1535
5,15,none,112,2,1792
5,16,place,84,28,2030
5,17,upgrade,72,12,1266
5,18,place,48,24,1204
5,19,none,48,0,1222
5,20,upgrade,38,10,1472
5,21,none,38,0,1472
5,22,none,38,0,1329
5,23,none,38,0,1627
5,24,none,38,0,1904
5,25,none,38,0,2071
5,26,none,38,0,2406
5,27,none,38,0,2739
5,27,none,38,0,2739
5,28,none,38,0,3401
5,28,none,38,0,3401
6,1,place,200,0,650
6,2,none,200,0,451
6,3,none,200,0,588
6,4,none,200,0,726
6,5,none,200,0,901
6,6,none,200,0,1065
6,7,place,191,9,1219
6,8,none,191,0,1131
6,9,none,191,0,1331
6,10,none,190,1,1529
6,11,none,190,0,1843
6,12,none,190,0,2032
6,13,none,190,0,2224
6,14,none,189,1,2505
6,14,none,189,1,2505
6,15,upgrade,164,25,2739
6,15,place,164,25,2739
6,16,place,143,21,2544
6,16,upgrade,143,21,2544
6,17,none,143,0,2287
6,18,none,143,0,2452
6,19,none,143,0,2810
6,19,none,143,0,2810
6,20,none,143,0,3070
6,20,none,143,0,3070
6,21,none,143,0,3256
6,21,none,143,0,3256
6,22,none,143,0,3607
6,22,none,143,0,3607
6,23,upgrade,132,11,3894
6,23,place,132,11,3894
6,24,place,129,3,2938
6,24,upgrade,129,3,2938
6,25,place,126,3,2492
6,26,none,126,0,2607
6,26,none,126,0,2607
6,27,none,126,0,2940
6,27,none,126,0,2940
6,28,none,126,0,3602
6,28,none,126,0,3602
6,29,none,126,0,3868
6,29,none,126,0,3868
6,30,none,126,0,4257
6,30,none,126,0,4257
6,31,upgrade,121,5,4589
6,31,place,121,5,4589
6,32,none,121,0,2321
6,33,none,121,0,2948
6,33,none,121,0,2948
6,34,upgrade,49,72,3081
6,34,upgrade,49,72,3081
6,35,none,49,0,2548
6,35,none,49,0,2548
6,36,none,49,0,3698
6,36,none,49,0,3698
7,1,place,200,0,650
7,2,place,200,0,301
7,3,none,200,0,268
7,4,none,200,0,406
7,5,none,200,0,581
7,6,none,200,0,745
7,7,none,200,0,908
7,8,none,200,0,1090
7,9,none,200,0,1290
7,10,none,200,0,1489
7,11,none,198,2,1801
7,12,none,198,0,1990
7,13,none,197,1,2181
7,14,upgrade,190,7,2456
7,15,none,190,0,2505
7,15,none,190,0,2505
7,16,upgrade,171,19,2752
7,16,place,171,19,2752
7,17,none,171,0,2250
7,18,none,171,0,2415
7,19,none,171,0,2773
7,19,none,171,0,2773
7,20,upgrade,167,4,3029
7,20,place,167,4,3029
7,21,none,167,0,2155
7,22,none,167,0,2506
7,22,none,167,0,2506
7,23,none,167,0,2804
7,23,none,167,0,2804
7,24,none,167,0,3081
7,24,none,167,0,3081
7,25,upgrade,164,3,3245
7,25,none,164,3,3245
7,26,place,164,0,3285
7,26,none,164,0,3285
7,27,none,164,0,3448
7,27,none,164,0,3448
7,28,none,164,0,4110
7,28,none,164,0,4110
7,29,none,164,0,4376
7,29,none,164,0,4376
7,30,none,164,0,4765
7,30,none,164,0,4765
7,31,none,164,0,5102
7,31,none,164,0,5102
7,31,none,164,0,5102
7,32,upgrade,119,45,5622
7,32,upgrade,119,45,5622
7,32,upgrade,119,45,5622
7,33,none,119,0,4974
7,33,none,119,0,4974
7,34,place,47,72,5107
7,34,place,47,72,5107
7,34,upgrade,47,72,5107
7,35,none,47,0,5124
7,35,none,47,0,5124
7,35,none,47,0,5124
8,1,place,200,0,650
8,2,place,200,0,346
8,3,none,200,0,213
8,4,none,200,0,351
8,5,none,200,0,526
8,6,none,200,0,690
8,7,none,200,0,853
8,8,none,200,0,1035
8,9,none,200,0,1235
8,10,none,200,0,1434
8,11,none,200,0,1748
8,12,none,200,0,1937
8,13,place,198,2,2127
8,14,none,198,0,2069
8,15,none,197,1,2327
8,16,place,191,6,2587
8,16,upgrade,191,6,2587
8,17,none,191,0,2260
8,18,none,191,0,2425
8,19,none,191,0,2783
8,19,none,191,0,2783
8,20,none,191,0,3043
8,20,none,191,0,3043
8,21,none,191,0,3229
8,21,none,191,0,3229
8,22,place,174,17,3563
8,22,place,174,17,3563
8,23,none,174,0,2881
8,23,none,174,0,2881
8,24,none,174,0,3158
8,24,none,174,0,3158
8,25,upgrade,171,3,3322
8,25,none,171,3,3322
8,26,none,171,0,3362
8,26,none,171,0,3362
8,27,none,171,0,3695
8,27,none,171,0,3695
8,28,none,171,0,4357
8,28,none,171,0,4357
8,29,none,171,0,4623
8,29,none,171,0,4623
8,30,none,171,0,5012
8,30,none,171,0,5012
8,30,none,171,0,5012
8,31,none,171,0,5349
8,31,none,171,0,5349
8,31,none,171,0,5349
9,1,place,200,0,650
9,2,none,200,0,431
9,3,none,200,0,568
9,4,none,200,0,706
9,5,place,184,16,865
9,6,none,184,0,759
9,7,none,184,0,922
9,8,none,184,0,1104
9,9,none,184,0,1304
9,10,none,184,0,1503
9,11,none,184,0,1817
9,12,none,184,0,2006
9,13,none,184,0,2198
9,14,none,184,0,2480
9,15,place,182,2,2737
9,15,none,182,2,2737
9,16,place,173,9,2824
9,16,upgrade,173,9,2824
9,17,upgrade,173,0,2707
9,17,none,173,0,2707
9,18,none,173,0,2702
9,18,none,173,0,2702
9,19,none,173,0,3060
9,19,none,173,0,3060
9,20,none,173,0,3320
9,20,none,173,0,3320
9,21,none,173,0,3506
9,21,none,173,0,3506
9,22,upgrade,159,14,3843
9,22,upgrade,159,14,3843
9,23,none,159,0,3606
9,23,none,159,0,3606
9,24,none,159,0,3883
9,24,none,159,0,3883
9,25,upgrade,156,3,4047
9,25,none,156,3,4047
9,26,none,156,0,4127
9,26,none,156,0,4127
9,27,none,156,0,4460
9,27,none,156,0,4460
9,28,none,156,0,5122
9,28,none,156,0,5122
9,28,none,156,0,5122
9,29,none,156,0,5388
9,29,none,156,0,5388
9,29,none,156,0,5388
9,30,none,156,0,5777
9,30,none,156,0,5777
9,30,none,156,0,5777
9,31,none,156,0,6114
9,31,none,156,0,6114
9,31,none,156,0,6114
10,1,place,200,0,650
10,2,none,200,0,501
10,3,none,200,0,638
10,4,none,200,0,776
10,5,none,200,0,951
10,6,none,200,0,1115
10,7,none,200,0,1278
10,8,none,200,0,1460
10,9,none,200,0,1660
10,10,none,197,3,1856
10,11,upgrade,191,6,2164
10,12,none,191,0,2203
10,13,none,191,0,2395
10,14,none,191,0,2677
10,14,none,191,0,2677
10,15,place,181,10,2926
10,15,upgrade,181,10,2926
10,16,place,181,0,897
10,17,none,181,0,945
10,18,none,181,0,1110
10,19,none,181,0,1468
10,20,none,181,0,1728
10,21,none,181,0,1914
10,22,none,181,0,2265
10,23,none,181,0,2563
10,23,none,181,0,2563
10,24,none,181,0,2840
10,24,none,181,0,2840
10,25,none,178,3,3004
10,25,none,178,3,3004
10,26,none,178,0,3339
10,26,none,178,0,3339
10,27,none,178,0,3672
10,27,none,178,0,3672
10,28,none,178,0,4334
10,28,none,178,0,4334
10,29,upgrade,40,138,4462
10,29,place,40,138,4462
10,30,none,40,0,3931
10,30,none,40,0,3931
11,1,place,200,0,650
11,2,none,200,0,496
11,3,none,200,0,633
11,4,none,200,0,771
11,5,place,186,14,932
11,6,none,186,0,776
11,7,none,186,0,939
11,8,none,186,0,1121
11,9,none,186,0,1321
11,10,place,171,15,1505
11,11,none,171,0,1649
11,12,none,171,0,1838
11,13,none,171,0,2030
11,14,none,171,0,2312
11,15,none,171,0,2571
11,15,none,171,0,2571
11,16,place,153,18,2819
11,16,upgrade,153,18,2819
11,17,none,153,0,2627
11,17,none,153,0,2627
11,18,none,150,3,2790
11,18,none,150,3,2790
11,19,none,150,0,3148
11,19,none,150,0,3148
11,20,upgrade,141,9,3400
11,20,upgrade,141,9,3400
11,21,none,141,0,3121
11,21,none,141,0,3121
11,22,upgrade,127,14,3458
11,22,place,127,14,3458
11,23,upgrade,127,0,1376
11,24,none,127,0,1398
11,25,none,127,0,1565
11,26,none,127,0,1900
11,27,none,127,0,2233
11,28,none,127,0,2895
11,28,none,127,0,2895
11,29,none,127,0,3161
11,29,none,127,0,3161
11,30,none,127,0,3550
11,30,none,127,0,3550
11,31,none,127,0,3887
11,31,none,127,0,3887
11,32,none,127,0,4424
11,32,none,127,0,4424
11,33,none,127,0,5051
11,33,none,127,0,5051
11,33,none,127,0,5051
11,34,none,127,0,5256
11,34,none,127,0,5256
11,34,none,127,0,5256
11,35,none,127,0,6168
11,35,none,127,0,6168
11,35,none,127,0,6168
11,36,none,119,8,7310
11,36,none,119,8,7310
11,36,upgrade,119,8,7310
11,37,place,69,50,7917
11,37,place,69,50,7917
11,37,upgrade,69,50,7917
11,37,upgrade,69,50,7917
11,38,upgrade,69,0,7917
11,38,none,69,0,7917
11,38,place,69,0,7917
11,38,none,69,0,7917
11,39,none,69,0,7917
11,39,none,69,0,7917
11,39,none,69,0,7917
11,39,none,69,0,7917
11,40,place,69,0,7917
11,40,none,69,0,7917
11,40,none,69,0,7917
11,40,none,69,0,7917
12,1,place,200,0,650
12,2,none,200,0,431
12,3,none,200,0,568
12,4,none,200,0,706
12,5,place,174,26,855
12,6,place,171,3,591
12,7,place,171,0,414
12,8,none,171,0,296
12,9,none,171,0,496
12,10,none,171,0,695
12,11,none,171,0,1009
12,12,none,171,0,1198
12,13,none,171,0,1390
12,14,none,171,0,1672
12,15,none,171,0,1931
12,16,none,171,0,2197
12,17,place,150,21,2444
12,18,none,150,0,2269
12,19,none,150,0,2627
12,19,none,150,0,2627
12,20,none,150,0,2887
12,20,none,150,0,2887
12,21,none,150,0,3073
12,21,none,150,0,3073
12,22,upgrade,132,18,3406
12,22,upgrade,132,18,3406
12,23,upgrade,107,25,3364
12,23,upgrade,107,25,3364
12,24,none,107,0,2626
12,24,none,107,0,2626
12,25,none,107,0,2793
12,25,none,107,0,2793
12,26,none,107,0,3128
12,26,none,107,0,3128
12,27,none,107,0,3461
12,27,none,107,0,3461
12,28,none,107,0,4123
12,28,none,107,0,4123
12,29,none,107,0,4389
12,29,none,107,0,4389
12,30,none,107,0,4778
12,30,none,107,0,4778
12,31,none,107,0,5115
12,31,none,107,0,5115
12,31,none,107,0,5115
12,32,none,104,3,5648
12,32,none,104,3,5648
12,32,none,104,3,5648
12,33,none,104,0,6275
12,33,none,104,0,6275
12,33,none,104,0,6275
12,34,upgrade,81,23,6457
12,34,place,81,23,6457
12,34,upgrade,81,23,6457
12,35,none,81,0,2484
12,36,none,81,0,3634
12,36,none,81,0,3634
12,37,upgrade,28,53,4490
12,37,upgrade,28,53,4490
13,1,place,200,0,650
13,2,place,200,0,471
13,3,none,200,0,388
13,4,none,200,0,526
13,5,place,190,10,691
13,6,none,190,0,580
13,7,upgrade,190,0,743
13,8,place,190,0,545
13,9,none,190,0,470
13,10,none,190,0,669
13,11,none,190,0,983
13,12,none,190,0,1172
13,13,none,190,0,1364
13,14,none,190,0,1646
13,15,place,187,3,1902
13,16,upgrade,182,5,1693
13,17,none,182,0,1706
13,18,none,182,0,1871
13,19,none,182,0,2229
13,20,none,182,0,2489
13,21,none,182,0,2675
13,21,none,182,0,2675
13,22,place,178,4,3022
13,22,upgrade,178,4,3022
13,23,none,176,2,3073
13,23,none,176,2,3073
13,24,none,174,2,3348
13,24,none,174,2,3348
13,25,upgrade,171,3,3512
13,25,none,171,3,3512
13,26,none,169,2,3635
13,26,upgrade,169,2,3635
13,27,none,169,0,3713
13,27,upgrade,169,0,3713
13,28,none,169,0,4080
13,28,none,169,0,4080
13,29,none,169,0,4346
13,29,none,169,0,4346
13,30,none,169,0,4735
13,30,none,169,0,4735
13,31,none,169,0,5072
13,31,none,169,0,5072
13,31,none,169,0,5072
13,32,upgrade,155,14,5595
13,32,upgrade,155,14,5595
13,32,upgrade,155,14,5595
13,33,none,155,0,5162
13,33,none,155,0,5162
13,33,none,155,0,5162
13,34,none,155,0,5367
13,34,none,155,0,5367
13,34,none,155,0,5367
13,35,none,155,0,6279
13,35,none,155,0,6279
13,35,none,155,0,6279
13,36,upgrade,141,14,7415
13,36,upgrade,141,14,7415
13,36,upgrade,141,14,7415
13,37,none,141,0,5171
13,37,upgrade,141,0,5171
13,37,none,141,0,5171
13,38,none,141,0,5745
13,38,none,141,0,5745
13,38,none,141,0,5745
13,39,none,141,0,7022
13,39,none,141,0,7022
13,39,none,141,0,7022
13,40,none,141,0,8781
13,40,none,141,0,8781
13,40,none,141,0,8781
13,40,none,141,0,8781
13,41,none,141,0,8781
13,41,none,141,0,8781
13,41,upgrade,141,0,8781
13,41,none,141,0,8781
13,42,none,141,0,9302
13,42,none,141,0,9302
13,42,none,141,0,9302
13,42,none,141,0,9302
13,43,none,141,0,11483
13,43,none,141,0,11483
13,43,none,141,0,11483
13,43,none,141,0,11483
13,43,none,141,0,11483
13,44,none,141,0,12143
13,44,none,141,0,12143
13,44,none,141,0,12143
13,44,none,141,0,12143
13,44,none,141,0,12143
13,45,none,141,0,13421
13,45,none,141,0,13421
13,45,none,141,0,13421
13,45,none,141,0,13421
13,45,none,141,0,13421
13,45,none,141,0,13421
13,46,none,141,0,14715
13,46,none,141,0,14715
13,46,none,141,0,14715
13,46,none,141,0,14715
13,46,none,141,0,14715
13,46,none,141,0,14715
13,47,none,141,0,17137
13,47,none,141,0,17137
13,47,none,141,0,17137
13,47,none,141,0,17137
13,47,none,141,0,17137
13,47,none,141,0,17137
13,47,none,141,0,17137
13,48,none,141,0,17853
13,48,none,141,0,17853
13,48,none,141,0,17853
13,48,none,141,0,17853
13,48,none,141,0,17853
13,48,none,141,0,17853
13,48,none,141,0,17853
13,48,none,141,0,17853
13,49,none,141,0,19490
13,49,none,141,0,19490
13,49,none,141,0,19490
13,49,none,141,0,19490
13,49,none,141,0,19490
13,49,none,141,0,19490
13,49,none,141,0,19490
13,49,none,141,0,19490
13,50,upgrade,98,43,22290
13,50,upgrade,98,43,22290
13,50,place,98,43,22290
13,50,upgrade,98,43,22290
13,50,upgrade,98,43,22290
13,50,upgrade,98,43,22290
13,50,upgrade,98,43,22290
13,50,upgrade,98,43,22290
13,50,upgrade,98,43,22290
13,51,none,98,0,24566
13,51,none,98,0,24566
13,51,none,98,0,24566
13,51,none,98,0,24566
13,51,none,98,0,24566
13,51,none,98,0,24566
13,51,none,98,0,24566
13,51,none,98,0,24566
13,51,none,98,0,24566
13,51,none,98,0,24566
13,52,none,98,0,24566
13,52,none,98,0,24566
13,52,none,98,0,24566
13,52,none,98,0,24566
13,52,upgrade,98,0,24566
13,52,upgrade,98,0,24566
13,52,upgrade,98,0,24566
13,52,upgrade,98,0,24566
13,52,none,98,0,24566
13,52,none,98,0,24566
14,1,place,200,0,650
14,2,place,200,0,551
14,3,none,200,0,348
14,4,none,200,0,486
14,5,none,199,1,660
14,6,none,199,0,824
14,7,none,199,0,987
14,8,none,199,0,1169
14,9,none,199,0,1369
14,10,none,199,0,1568
14,11,place,197,2,1880
14,12,none,197,0,1879
14,13,none,195,2,2069
14,14,none,192,3,2348
14,15,place,178,14,2593
14,15,upgrade,178,14,2593
14,16,upgrade,169,9,2340
14,17,none,168,1,2312
14,18,none,168,0,2477
14,19,none,166,2,2833
14,19,upgrade,166,2,2833
14,20,upgrade,150,16,2984
14,20,upgrade,150,16,2984
14,21,none,150,0,2620
14,21,none,150,0,2620
14,22,upgrade,133,17,2954
14,22,upgrade,133,17,2954
14,23,upgrade,85,48,2994
14,23,place,85,48,2994
14,24,none,83,2,2164
14,25,none,83,0,2331
14,26,none,83,0,2666
14,26,none,83,0,2666
14,27,none,83,0,2999
14,27,none,83,0,2999
15,1,place,200,0,650
15,2,none,200,0,551
15,3,none,200,0,688
15,4,none,199,1,825
15,5,place,172,27,973
15,6,none,171,1,711
15,7,upgrade,167,4,870
15,8,none,165,2,965
15,9,upgrade,156,9,1156
15,10,upgrade,153,3,1227
15,11,none,153,0,1391
15,12,upgrade,147,6,1574
15,13,none,147,0,1576
15,14,none,147,0,1858
15,15,upgrade,141,6,2111
15,16,upgrade,128,13,2174
15,17,place,121,7,2055
15,18,place,111,10,1875
15,19,none,111,0,1933
15,20,upgrade,104,7,2186
15,21,upgrade,104,0,2162
15,22,none,104,0,2218
15,23,place,82,22,2494
15,24,none,81,1,2430
15,25,none,81,0,2597
15,25,none,81,0,2597
15,26,none,81,0,2932
15,26,none,81,0,2932
15,27,none,81,0,3265
15,27,none,81,0,3265
15,28,none,81,0,3927
15,28,none,81,0,3927
16,1,place,200,0,650
16,2,none,200,0,471
16,3,none,200,0,608
16,4,none,200,0,746
16,5,upgrade,175,25,896
16,6,place,170,5,845
16,7,none,170,0,538
16,8,none,170,0,720
16,9,none,170,0,920
16,10,none,170,0,1119
16,11,none,170,0,1433
16,12,none,170,0,1622
16,13,none,170,0,1814
16,14,place,157,13,2083
16,15,none,153,4,2168
16,16,upgrade,137,16,2418
16,17,place,107,30,2536
16,17,upgrade,107,30,2536
16,18,upgrade,97,10,1846
16,19,none,97,0,1994
16,20,place,68,29,2225
16,21,place,62,6,2130
16,22,upgrade,62,0,2161
16,23,place,49,13,2021
16,24,none,49,0,1998
16,25,none,49,0,2165
16,26,none,49,0,2500
16,26,none,49,0,2500
16,27,none,49,0,2833
16,27,none,49,0,2833
16,28,none,49,0,3495
16,28,none,49,0,3495
16,29,none,49,0,3761
16,29,none,49,0,3761
16,30,none,49,0,4150
16,30,none,49,0,4150
16,31,none,49,0,4487
16,31,none,49,0,4487
17,1,place,200,0,650
17,2,place,200,0,501
17,3,none,200,0,448
17,4,none,200,0,586
17,5,none,200,0,761
17,6,none,200,0,925
17,7,none,200,0,1088
17,8,none,200,0,1270
17,9,place,174,26,1444
17,10,place,161,13,1205
17,11,none,161,0,1179
17,12,none,161,0,1368
17,13,none,161,0,1560
17,14,none,161,0,1842
17,15,none,161,0,2101
17,16,none,161,0,2367
17,17,none,157,4,2631
17,17,none,157,4,2631
17,18,none,157,0,2796
17,18,none,157,0,2796
17,19,none,157,0,3154
17,19,none,157,0,3154
17,20,place,133,24,3390
17,20,upgrade,133,24,3390
17,21,none,133,0,3216
17,21,none,133,0,3216
17,22,upgrade,69,64,3503
17,22,upgrade,69,64,3503
17,23,upgrade,34,35,3426
17,23,place,34,35,3426
17,24,none,34,0,2728
17,24,none,34,0,2728
17,25,none,34,0,2895
17,25,none,34,0,2895
17,26,none,34,0,3230
17,26,none,34,0,3230
17,27,none,34,0,3563
17,27,none,34,0,3563
18,1,place,200,0,650
18,2,place,180,20,581
18,3,place,180,0,378
18,4,none,180,0,241
18,5,none,180,0,416
18,6,none,180,0,580
18,7,none,180,0,743
18,8,none,180,0,925
18,9,none,180,0,1125
18,10,none,180,0,1125
18,11,none,180,0,1638
18,12,none,180,0,1827
18,13,none,180,0,2019
18,14,none,180,0,2301
18,15,upgrade,174,6,2554
18,15,place,174,6,2554
18,16,upgrade,170,4,2221
18,17,upgrade,164,6,2228
18,18,none,164,0,2318
18,19,none,164,0,2676
18,19,none,164,0,2676
18,20,place,154,10,2926
18,20,place,154,10,2926
18,21,none,154,0,2592
18,21,none,154,0,2592
18,22,none,154,0,2943
18,22,none,154,0,2943
18,23,upgrade,145,9,3232
18,23,place,145,9,3232
18,24,none,145,0,3129
18,24,place,145,0,3129
18,25,upgrade,142,3,2993
18,25,upgrade,142,3,2993
18,26,none,142,0,2948
18,26,none,142,0,2948
18,27,none,142,0,3281
18,27,none,142,0,3281
18,28,place,138,4,3939
18,28,upgrade,138,4,3939
18,29,place,138,0,3580
18,29,upgrade,138,0,3580
18,30,none,138,0,3164
18,30,none,138,0,3164
18,31,none,138,0,3501
18,31,none,138,0,3501
18,32,place,99,39,4035
18,32,upgrade,99,39,4035
18,33,none,99,0,4377
18,33,none,99,0,4377
18,34,upgrade,27,72,4510
18,34,place,27,72,4510
18,35,none,27,0,5167
18,35,none,27,0,5167
18,35,none,27,0,5167
18,36,none,27,0,6317
18,36,none,27,0,6317
18,36,none,27,0,6317
19,1,place,200,0,650
19,2,none,200,0,471
19,3,none,200,0,608
19,4,none,200,0,746
19,5,upgrade,175,25,896
19,6,upgrade,170,5,845
19,7,none,170,0,628
19,8,none,170,0,810
19,9,none,170,0,1010
19,10,none,170,0,1209
19,11,none,170,0,1523
19,12,none,170,0,1712
19,13,none,170,0,1904
19,14,place,168,2,2184
19,15,none,168,0,2253
19,16,none,168,0,2519
19,16,none,168,0,2519
19,17,place,153,15,2772
19,17,place,153,15,2772
19,18,none,153,0,2037
19,19,none,153,0,2395
19,20,upgrade,148,5,2652
19,20,place,148,5,2652
19,21,none,148,0,2118
19,22,none,148,0,2469
19,23,none,148,0,2767
19,23,none,148,0,2767
19,24,none,148,0,3044
19,24,none,148,0,3044
19,25,none,148,0,3211
19,25,none,148,0,3211
19,26,none,148,0,3546
19,26,none,148,0,3546
19,27,none,148,0,3879
19,27,none,148,0,3879
19,28,none,148,0,4541
19,28,none,148,0,4541
19,29,upgrade,10,138,4669
19,29,upgrade,10,138,4669
19,30,none,10,0,4763
19,30,upgrade,10,0,4763
20,1,place,200,0,650
20,2,none,200,0,431
20,3,none,200,0,568
20,4,none,200,0,706
20,5,place,180,20,861
20,6,none,180,0,705
20,7,none,180,0,868
20,8,none,180,0,1050
20,9,none,180,0,1250
20,10,none,175,5,1444
20,11,none,175,0,1758
20,12,none,175,0,1947
20,13,none,172,3,2136
20,14,none,172,0,2418
20,15,none,171,1,2676
20,15,none,171,1,2676
20,16,upgrade,136,35,2907
20,16,upgrade,136,35,2907
20,17,none,136,0,2750
20,17,none,136,0,2750
20,18,place,124,12,2906
20,18,upgrade,124,12,2906
20,19,place,124,0,2159
20,20,none,124,0,2079
20,21,none,124,0,2265
20,22,none,124,0,2616
20,22,none,124,0,2616
20,23,none,124,0,2914
20,23,none,124,0,2914
20,24,none,124,0,3191
20,24,none,124,0,3191
20,25,none,124,0,3358
20,25,none,124,0,3358
20,26,none,124,0,3693
20,26,none,124,0,3693
20,27,none,124,0,4026
20,27,none,124,0,4026
20,28,none,124,0,4688
20,28,none,124,0,4688
20,29,none,124,0,4954
20,29,none,124,0,4954
20,30,none,124,0,5343
20,30,none,124,0,5343
20,30,none,124,0,5343
20,31,none,124,0,5680
20,31,none,124,0,5680
20,31,none,124,0,5680
20,32,upgrade,22,102,6153
20,32,place,22,102,6153
20,32,place,22,102,6153
20,33,none,22,0,4995
20,33,none,22,0,4995
20,34,none,22,0,5200
20,34,none,22,0,5200
20,34,none,22,0,5200
20,35,none,22,0,6112
20,35,none,22,0,6112
20,35,none,22,0,6112
21,1,place,200,0,650
21,2,none,200,0,431
21,3,none,200,0,568
21,4,none,200,0,706
21,5,none,197,3,878
21,6,none,197,0,1042
21,7,none,197,0,1205
21,8,none,197,0,1387
21,9,none,195,2,1585
21,10,upgrade,186,9,1775
21,11,none,184,2,1877
21,12,none,184,0,2066
21,13,none,181,3,2255
21,14,place,172,9,2528
21,14,place,172,9,2528
21,15,upgrade,171,1,2061
21,16,upgrade,158,13,2229
21,17,upgrade,157,1,2201
21,18,none,157,0,1986
21,19,none,157,0,2344
21,20,upgrade,135,22,2582
21,20,upgrade,135,22,2582
21,21,place,132,3,2000
21,22,upgrade,119,13,2148
21,23,upgrade,92,27,2269
21,24,upgrade,92,0,421
21,25,none,92,0,421
21,26,upgrade,92,0,421
21,27,none,92,0,421
21,28,none,89,3,1350
22,1,place,200,0,650
22,2,upgrade,180,20,561
22,3,place,145,35,578
22,4,none,143,2,494
22,5,upgrade,118,25,644
22,6,none,117,1,682
22,7,upgrade,114,3,842
22,8,upgrade,108,6,848
22,9,upgrade,101,7,956
22,10,none,101,0,900
22,11,none,101,0,1214
22,12,none,98,3,1400
22,13,none,98,0,1592
22,14,none,98,0,1874
22,15,place,90,8,2125
22,16,place,79,11,2105
22,17,upgrade,76,3,2070
22,18,none,74,2,2024
22,19,none,73,1,2381
22,20,upgrade,62,11,2630
22,20,place,62,11,2630
22,21,upgrade,62,0,2261
22,22,place,62,0,2187
22,23,place,62,0,2185
22,24,upgrade,62,0,2122
22,25,none,62,0,1609
22,26,none,62,0,1944
22,27,none,62,0,2277
22,28,none,62,0,2939
22,28,none,62,0,2939
22,29,none,62,0,3205
22,29,none,62,0,3205
22,30,none,62,0,3594
22,30,none,62,0,3594
22,31,none,62,0,3931
22,31,none,62,0,3931
22,32,none,62,0,4468
22,32,none,62,0,4468
22,33,none,62,0,5095
22,33,none,62,0,5095
22,33,none,62,0,5095
22,34,none,62,0,5300
22,34,none,62,0,5300
22,34,none,62,0,5300
22,35,none,62,0,6212
22,35,none,62,0,6212
22,35,none,62,0,6212
22,36,none,62,0,7362
22,36,none,62,0,7362
22,36,none,62,0,7362
23,1,place,200,0,650
23,2,none,200,0,551
23,3,none,200,0,688
23,4,place,198,2,824
23,5,place,195,3,656
23,6,none,195,0,480
23,7,none,195,0,643
23,8,none,195,0,825
23,9,none,195,0,1025
23,10,none,195,0,1224
23,11,none,195,0,1538
23,12,none,195,0,1727
23,13,none,195,0,1919
23,14,none,195,0,2201
23,15,none,195,0,2460
23,16,none,195,0,2726
23,16,none,195,0,2726
23,17,upgrade,178,17,2977
23,17,place,178,17,2977
23,18,none,178,0,2877
23,18,none,178,0,2877
23,19,upgrade,171,7,3228
23,19,place,171,7,3228
23,20,none,171,0,2918
23,20,none,171,0,2918
23,21,none,171,0,3104
23,21,none,171,0,3104
23,22,none,171,0,3455
23,22,none,171,0,3455
23,23,none,171,0,3753
23,23,none,171,0,3753
23,24,upgrade,164,7,4023
23,24,place,164,7,4023
23,25,none,164,0,3255
23,25,none,164,0,3255
23,26,none,164,0,3590
23,26,none,164,0,3590
23,27,none,164,0,3923
23,27,none,164,0,3923
23,28,upgrade,93,71,4514
23,28,upgrade,93,71,4514
24,1,place,200,0,650
24,2,none,197,3,548
24,3,place,192,5,680
24,4,none,192,0,478
24,5,none,192,0,653
24,6,none,192,0,817
24,7,none,192,0,980
24,8,none,192,0,1162
24,9,none,192,0,1362
24,10,none,192,0,1561
24,11,none,192,0,1875
24,12,none,192,0,2064
24,13,none,192,0,2256
24,14,none,191,1,2537
24,14,none,191,1,2537
24,15,none,191,0,2796
24,15,none,191,0,2796
24,16,place,181,10,3052
24,16,place,181,10,3052
24,17,none,181,0,975
24,18,none,181,0,1140
24,19,none,181,0,1498
24,20,none,181,0,1758
24,21,none,181,0,1944
24,22,none,181,0,2295
24,23,none,181,0,2593
24,23,none,181,0,2593
24,24,none,181,0,2870
24,24,none,181,0,2870
24,25,none,178,3,3034
24,25,none,178,3,3034
24,26,none,178,0,3369
24,26,none,178,0,3369
24,27,none,178,0,3702
24,27,none,178,0,3702
24,28,none,178,0,4364
24,28,none,178,0,4364
24,29,upgrade,40,138,4492
24,29,upgrade,40,138,4492
24,30,place,40,0,4491
24,30,none,40,0,4491
25,1,place,200,0,650
25,2,place,180,20,561
25,3,place,180,0,423
25,4,none,180,0,221
25,5,place,177,3,393
25,6,none,177,0,387
25,7,none,177,0,550
25,8,none,177,0,732
25,9,none,177,0,932
25,10,none,177,0,1131
25,11,none,177,0,1445
25,12,none,177,0,1634
25,13,none,177,0,1826
25,14,none,177,0,2108
25,15,place,175,2,2365
25,16,upgrade,174,1,2460
25,17,none,174,0,2643
25,17,none,174,0,2643
25,18,upgrade,168,6,2806
25,18,place,168,6,2806
25,19,none,168,0,2409
25,20,none,168,0,2669
25,20,none,168,0,2669
25,21,none,168,0,2855
25,21,none,168,0,2855
25,22,none,168,0,3206
25,22,none,168,0,3206
25,23,none,164,4,3500
25,23,place,164,4,3500
25,24,place,158,6,3551
25,24,upgrade,158,6,3551
25,25,none,155,3,2575
25,25,upgrade,155,3,2575
25,26,upgrade,151,4,2831
25,26,none,151,4,2831
25,27,none,151,0,2994
25,27,none,151,0,2994
25,28,upgrade,146,5,3651
25,28,none,146,5,3651
25,29,upgrade,146,0,3651
25,29,none,146,0,3651
25,30,none,146,0,3651
25,30,none,146,0,3651
26,1,place,200,0,650
26,2,none,200,0,431
26,3,upgrade,200,0,568
26,4,none,200,0,496
26,5,place,191,9,662
26,6,upgrade,191,0,606
26,7,upgrade,191,0,474
26,8,none,191,0,361
26,9,none,191,0,561
26,10,none,191,0,760
26,11,none,191,0,1074
26,12,none,191,0,1263
26,13,none,191,0,1455
26,14,none,191,0,1737
26,15,none,187,4,1992
26,16,none,182,5,2253
26,17,none,182,0,2521
26,17,none,182,0,2521
26,18,none,182,0,2686
26,18,none,182,0,2686
26,19,none,182,0,3044
26,19,none,182,0,3044
26,20,none,181,1,3303
26,20,none,181,1,3303
26,21,none,179,2,3487
26,21,none,179,2,3487
26,22,upgrade,173,6,3832
26,22,upgrade,173,6,3832
26,23,none,173,0,3285
26,23,none,173,0,3285
26,24,none,173,0,3562
26,24,none,173,0,3562
26,25,none,170,3,3726
26,25,none,170,3,3726
26,26,none,170,0,4061
26,26,none,170,0,4061
26,27,none,170,0,4394
26,27,none,170,0,4394
26,28,none,166,4,5052
26,28,none,166,4,5052
26,28,none,166,4,5052
26,29,place,88,78,5240
26,29,place,88,78,5240
26,29,place,88,78,5240
26,30,upgrade,88,0,4784
26,30,upgrade,88,0,4784
26,31,none,88,0,3421
26,31,none,88,0,3421
26,32,none,88,0,3958
26,32,none,88,0,3958
26,33,none,88,0,4585
26,33,none,88,0,4585
26,34,upgrade,16,72,4718
26,34,upgrade,16,72,4718
26,35,none,16,0,1655
26,36,none,16,0,2805
26,36,none,16,0,2805
27,1,place,200,0,650
27,2,none,200,0,301
27,3,none,200,0,438
27,4,place,198,2,574
27,5,none,198,0,324
27,6,upgrade,189,9,479
27,7,none,189,0,432
27,8,none,189,0,614
27,9,upgrade,176,13,801
27,10,upgrade,173,3,807
27,11,none,171,2,909
27,12,none,171,0,1098
27,13,none,169,2,1288
27,14,place,161,8,1562
27,15,place,161,0,1551
27,16,none,161,0,1517
27,17,none,161,0,1785
27,18,none,161,0,1950
27,19,none,161,0,2308
27,20,place,147,14,2554
27,20,upgrade,147,14,2554
27,21,none,147,0,2230
27,22,upgrade,127,20,2561
27,22,upgrade,127,20,2561
27,23,none,127,0,694
27,24,none,127,0,971
27,25,none,127,0,1138
27,26,none,127,0,1473
27,27,none,127,0,1806
27,28,none,127,0,2468
27,29,none,127,0,2734
27,29,none,127,0,2734
27,30,none,127,0,3123
27,30,none,127,0,3123
27,31,none,127,0,3460
27,31,none,127,0,3460
27,32,none,127,0,3997
27,32,none,127,0,3997
27,33,none,127,0,4624
27,33,none,127,0,4624
27,34,none,127,0,4829
27,34,none,127,0,4829
27,35,none,127,0,5741
27,35,none,127,0,5741
27,35,none,127,0,5741
27,36,upgrade,107,20,6871
27,36,place,107,20,6871
27,36,upgrade,107,20,6871
27,37,none,107,0,6792
27,37,none,107,0,6792
27,37,none,107,0,6792
27,38,none,107,0,8131
27,38,none,107,0,8131
27,38,none,107,0,8131
27,38,none,107,0,8131
28,1,place,200,0,650
28,2,none,200,0,601
28,3,none,200,0,738
28,4,none,200,0,876
28,5,place,182,18,1033
28,6,none,182,0,877
28,7,none,181,1,1039
28,8,none,180,1,1220
28,9,upgrade,174,6,1414
28,10,upgrade,163,11,1482
28,11,none,163,0,1586
28,12,place,154,9,1766
28,13,none,152,2,1786
28,14,none,152,0,2068
28,15,place,147,5,2322
28,16,none,144,3,2245
28,17,none,144,0,2513
28,17,none,144,0,2513
28,18,none,141,3,2677
28,18,none,141,3,2677
28,19,none,141,0,3035
28,19,none,141,0,3035
28,20,upgrade,133,8,3287
28,20,place,133,8,3287
28,21,upgrade,133,0,3093
28,21,none,133,0,3093
28,22,none,133,0,3189
28,22,none,133,0,3189
28,23,upgrade,124,9,3478
28,23,place,124,9,3478
28,24,upgrade,116,8,3397
28,24,upgrade,116,8,3397
28,25,upgrade,116,0,3139
28,25,none,116,0,3139
28,26,none,116,0,2924
28,26,none,116,0,2924
28,27,none,116,0,3257
28,27,none,116,0,3257
28,28,none,116,0,3919
28,28,none,116,0,3919
28,29,none,116,0,4185
28,29,none,116,0,4185
28,30,none,116,0,4574
28,30,none,116,0,4574
28,31,none,116,0,4911
28,31,none,116,0,4911
29,1,place,200,0,650
29,2,place,199,1,430
29,3,none,199,0,377
29,4,none,198,1,514
29,5,place,169,29,660
29,6,none,169,0,484
29,7,none,169,0,647
29,8,none,169,0,829
29,9,none,169,0,1029
29,10,none,169,0,1228
29,11,none,166,3,1539
29,12,none,166,0,1728
29,13,none,166,0,1920
29,14,none,166,0,2202
29,15,place,160,6,2455
29,16,upgrade,152,8,2373
29,17,none,152,0,2556
29,17,none,152,0,2556
29,18,none,152,0,2721
29,18,none,152,0,2721
29,19,none,149,3,3076
29,19,none,149,3,3076
29,20,none,149,0,3336
29,20,none,149,0,3336
29,21,none,149,0,3522
29,21,none,149,0,3522
29,22,upgrade,125,24,3849
29,22,place,125,24,3849
29,23,none,125,0,3552
29,23,none,125,0,3552
29,24,none,125,0,3829
29,24,none,125,0,3829
29,25,none,125,0,3996
29,25,none,125,0,3996
29,26,none,125,0,4331
29,26,none,125,0,4331
29,27,upgrade,111,14,4650
29,27,upgrade,111,14,4650
29,28,none,111,0,4722
29,28,none,111,0,4722
29,29,none,111,0,4988
29,29,none,111,0,4988
29,30,none,111,0,5377
29,30,none,111,0,5377
29,30,none,111,0,5377
29,31,none,111,0,5714
29,31,none,111,0,5714
29,31,none,111,0,5714
29,32,none,111,0,5714
29,32,none,111,0,5714
29,32,none,111,0,5714
30,1,place,200,0,650
30,2,place,200,0,496
30,3,none,200,0,293
30,4,none,200,0,431
30,5,none,200,0,606
30,6,none,200,0,770
30,7,none,200,0,933
30,8,none,200,0,1115
30,9,none,200,0,1315
30,10,none,200,0,1514
30,11,none,200,0,1828
30,12,none,200,0,2017
30,13,none,200,0,2209
30,14,none,200,0,2491
30,15,none,196,4,2746
30,15,upgrade,196,4,2746
30,16,none,193,3,2754
30,16,place,193,3,2754
30,17,upgrade,193,0,2747
30,17,none,193,0,2747
30,18,none,191,2,2655
30,18,none,191,2,2655
30,19,none,191,0,3013
30,19,none,191,0,3013
30,20,none,188,3,3270
30,20,none,188,3,3270
30,21,none,186,2,3454
30,21,none,186,2,3454
30,22,upgrade,177,9,3796
30,22,place,177,9,3796
30,23,place,174,3,3196
30,23,upgrade,174,3,3196
30,24,upgrade,172,2,2986
30,24,upgrade,172,2,2986
30,25,upgrade,172,0,2658
30,25,none,172,0,2658
30,26,place,172,0,2273
30,27,none,172,0,2306
30,28,none,172,0,2968
30,28,none,172,0,2968
30,29,none,172,0,3234
30,29,none,172,0,3234
30,30,none,172,0,3623
30,30,none,172,0,3623
30,31,none,172,0,3960
30,31,none,172,0,3960
30,32,none,172,0,4497
30,32,none,172,0,4497
30,33,none,172,0,5124
30,33,none,172,0,5124
30,33,none,172,0,5124
30,34,upgrade,159,13,5316
30,34,upgrade,159,13,5316
30,34,upgrade,159,13,5316
30,35,none,159,0,5208
30,35,none,159,0,5208
30,35,none,159,0,5208
30,36,none,159,0,6358
30,36,none,159,0,6358
30,36,none,159,0,6358
30,37,none,159,0,7254
30,37,none,159,0,7254
30,37,none,159,0,7254
30,38,none,159,0,8593
30,38,none,159,0,8593
30,38,none,159,0,8593
30,38,none,159,0,8593
30,39,none,159,0,9870
30,39,none,159,0,9870
30,39,none,159,0,9870
30,39,none,159,0,9870
30,40,none,159,0,11629
30,40,none,159,0,11629
30,40,none,159,0,11629
30,40,none,159,0,11629
30,40,none,159,0,11629
31,1,place,200,0,650
31,2,none,200,0,501
31,3,none,200,0,638
31,4,none,200,0,776
31,5,place,184,16,935
31,6,none,184,0,879
31,7,none,184,0,1042
31,8,none,184,0,1224
31,9,none,181,3,1421
31,10,place,156,25,1595
31,11,none,156,0,1639
31,12,none,156,0,1828
31,13,none,156,0,2020
31,14,none,156,0,2302
31,15,none,150,6,2555
31,15,place,150,6,2555
31,16,upgrade,147,3,2178
31,17,none,147,0,2276
31,18,place,132,15,2433
31,19,none,132,0,2571
31,19,none,132,0,2571
31,20,upgrade,121,11,2820
31,20,place,121,11,2820
31,21,upgrade,121,0,786
31,22,none,121,0,967
31,23,none,121,0,1265
31,24,none,121,0,1542
31,25,none,118,3,1706
31,26,none,118,0,2041
31,27,none,118,0,2374
31,28,none,118,0,3036
31,28,none,118,0,3036
31,29,none,118,0,3302
31,29,none,118,0,3302
31,30,none,118,0,3691
31,30,none,118,0,3691
31,31,none,118,0,4028
31,31,none,118,0,4028
31,32,none,118,0,4565
31,32,none,118,0,4565
31,33,none,118,0,5192
31,33,none,118,0,5192
31,33,none,118,0,5192
31,34,upgrade,46,72,5325
31,34,upgrade,46,72,5325
31,34,upgrade,46,72,5325
31,35,none,46,0,3177
31,35,none,46,0,3177
31,36,none,46,0,4327
31,36,none,46,0,4327
1,1,place,200,0,650
1,2,place,180,20,561
1,3,none,180,0,378
1,4,place,176,4,512
1,5,upgrade,171,5,512
1,6,none,171,0,591
1,7,none,171,0,754
1,8,none,170,1,935
1,9,none,168,2,1133
1,10,upgrade,161,7,1325
1,11,place,150,11,1418
1,12,none,150,0,1307
1,13,none,150,0,1499
1,14,upgrade,147,3,1778
1,15,none,147,0,1867
1,16,upgrade,128,19,2114
1,17,place,111,17,2025
1,18,upgrade,108,3,1919
1,19,upgrade,108,0,2067
1,20,upgrade,100,8,1940
1,21,none,100,0,2041
1,22,upgrade,85,15,2377
1,23,place,51,34,2431
1,24,none,51,0,2068
1,25,none,51,0,2235
1,26,upgrade,29,22,2548
1,26,upgrade,29,22,2548
1,27,none,29,0,1566
1,28,none,29,0,2228
1,29,none,29,0,2494
1,30,upgrade,15,14,2875
1,30,upgrade,15,14,2875
1,31,none,15,0,2832
1,31,none,15,0,2832
2,1,place,200,0,650
2,2,place,200,0,501
2,3,none,200,0,468
2,4,none,200,0,606
2,5,none,200,0,781
2,6,none,200,0,945
2,7,none,200,0,1108
2,8,none,200,0,1290
2,9,none,200,0,1490
2,10,none,200,0,1689
2,11,none,200,0,2003
2,12,none,200,0,2192
2,13,place,195,5,2379
2,14,none,195,0,2391
2,15,none,195,0,2650
2,15,none,195,0,2650
2,16,upgrade,180,15,2901
2,16,place,180,15,2901
2,17,none,180,0,2679
2,17,upgrade,180,0,2679
2,18,upgrade,178,2,2757
2,18,upgrade,178,2,2757
2,19,none,178,0,2825
2,19,none,178,0,2825
2,20,none,177,1,3084
2,20,none,177,1,3084
2,21,none,177,0,3270
2,21,none,177,0,3270
2,22,none,173,4,3617
2,22,none,173,4,3617
2,23,place,154,19,3896
2,23,upgrade,154,19,3896
2,24,none,154,0,3308
2,24,none,154,0,3308
2,25,none,151,3,3472
2,25,upgrade,151,3,3472
2,26,none,151,0,3722
2,26,none,151,0,3722
2,27,none,151,0,4055
2,27,none,151,0,4055
2,28,none,151,0,4717
2,28,none,151,0,4717
2,29,upgrade,13,138,4845
2,29,place,13,138,4845
2,30,upgrade,13,0,4829
2,30,none,13,0,4829
2,31,none,13,0,4996
2,31,none,13,0,4996
2,32,none,13,0,4996
2,32,none,13,0,4996
2,33,none,13,0,4996
2,33,none,13,0,4996
3,1,place,200,0,650
3,2,place,200,0,431
3,3,place,200,0,398
3,4,none,200,0,261
3,5,none,200,0,436
3,6,none,200,0,600
3,7,none,200,0,763
3,8,none,200,0,945
3,9,none,200,0,1145
3,10,none,200,0,1344
3,11,none,200,0,1658
3,12,none,200,0,1847
3,13,none,197,3,2036
3,14,none,197,0,2318
3,15,place,190,7,2570
3,15,upgrade,190,7,2570
3,16,place,165,25,2536
3,16,upgrade,165,25,2536
3,17,upgrade,161,4,2290
3,18,none,161,0,2160
3,19,place,150,11,2507
3,19,place,150,11,2507
3,20,upgrade,140,10,1738
3,21,none,140,0,1099
3,22,upgrade,115,25,1425
3,23,upgrade,74,41,1512
3,24,upgrade,53,21,1683
3,25,none,53,0,1470
3,26,upgrade,17,36,1777
3,27,none,17,0,1777
4,1,place,200,0,650
4,2,none,200,0,471
4,3,none,200,0,608
4,4,none,200,0,746
4,5,place,175,25,896
4,6,upgrade,175,0,635
4,7,upgrade,175,0,503
4,8,none,175,0,475
4,9,none,174,1,674
4,10,place,166,8,865
4,11,none,164,2,707
4,12,none,164,0,896
4,13,none,164,0,1088
4,14,none,162,2,1368
4,15,none,160,2,1625
4,16,place,148,12,1879
4,17,upgrade,148,0,1507
4,18,none,148,0,1462
4,19,upgrade,142,6,1814
4,20,upgrade,127,15,954
4,21,none,127,0,1015
4,22,upgrade,89,38,1328
4,23,place,53,36,1295
4,24,upgrade,23,30,1242
4,25,none,23,0,1029
4,26,none,23,0,1364
4,27,none,23,0,1697
4,28,none,23,0,2359
4,29,none,23,0,2625
4,29,none,23,0,2625
4,30,none,23,0,3014
4,30,none,23,0,3014
4,31,none,23,0,3351
4,31,none,23,0,3351
5,1,place,200,0,650
5,2,none,200,0,451
5,3,none,199,1,587
5,4,none,195,4,721
5,5,place,182,13,883
5,6,upgrade,177,5,722
5,7,upgrade,169,8,667
5,8,place,168,1,678
5,9,none,168,0,538
5,10,none,168,0,737
5,11,none,168,0,1051
5,12,none,168,0,1240
5,13,none,168,0,1432
5,14,none,168,0,1714
5,15,none,168,0,1973
5,16,none,166,2,2237
5,17,none,166,0,2505
5,17,none,166,0,2505
5,18,upgrade,152,14,2658
5,18,place,152,14,2658
5,19,none,152,0,2166
5,20,none,152,0,2426
5,21,none,152,0,2612
5,21,none,152,0,2612
5,22,none,152,0,2963
5,22,none,152,0,2963
5,23,place,144,8,3253
5,23,upgrade,144,8,3253
5,24,upgrade,144,0,2915
5,24,none,144,0,2915
5,25,place,141,3,2144
5,26,none,141,0,2259
5,27,none,141,0,2592
5,27,none,141,0,2592
5,28,none,141,0,3254
5,28,none,141,0,3254
5,29,none,141,0,3520
5,29,none,141,0,3520
5,30,none,141,0,3909
5,30,none,141,0,3909
5,31,none,141,0,4246
5,31,none,141,0,4246
5,32,upgrade,83,58,4784
5,32,upgrade,83,58,4784
5,33,upgrade,83,0,4776
5,33,none,83,0,4776
5,34,upgrade,11,72,4529
5,34,place,11,72,4529
5,35,none,11,0,4529
5,35,none,11,0,4529
5,36,none,11,0,6081
5,36,none,11,0,6081
5,36,none,11,0,6081
6,1,place,200,0,650
6,2,none,200,0,601
6,3,none,200,0,738
6,4,place,199,1,875
6,5,place,181,18,842
6,6,none,181,0,666
6,7,none,181,0,829
6,8,none,181,0,1011
6,9,none,181,0,1211
6,10,none,181,0,1410
6,11,none,181,0,1724
6,12,none,181,0,1913
6,13,none,181,0,2105
6,14,none,181,0,2387
6,15,place,168,13,2633
6,15,upgrade,168,13,2633
6,16,upgrade,159,9,2360
6,17,none,159,0,2553
6,17,none,159,0,2553
6,18,upgrade,156,3,2717
6,18,upgrade,156,3,2717
6,19,none,156,0,2610
6,19,none,156,0,2610
6,20,upgrade,141,15,2861
6,20,upgrade,141,15,2861
6,21,none,141,0,2497
6,22,none,141,0,2848
6,22,none,141,0,2848
6,23,none,141,0,3146
6,23,none,141,0,3146
6,24,none,141,0,3423
6,24,none,141,0,3423
6,25,upgrade,141,0,3590
6,25,none,141,0,3590
6,26,none,141,0,3160
6,26,upgrade,141,0,3160
6,27,none,141,0,3238
6,27,upgrade,141,0,3238
6,28,none,141,0,3645
6,28,none,141,0,3645
6,29,none,141,0,3911
6,29,none,141,0,3911
6,30,none,141,0,4300
6,30,none,141,0,4300
6,31,none,141,0,4637
6,31,none,141,0,4637
6,32,none,141,0,5174
6,32,none,141,0,5174
6,32,none,141,0,5174
6,33,none,141,0,5801
6,33,none,141,0,5801
6,33,none,141,0,5801
6,34,none,141,0,6006
6,34,none,141,0,6006
6,34,none,141,0,6006
6,35,none,141,0,6918
6,35,none,141,0,6918
6,35,none,141,0,6918
6,36,place,113,28,8040
6,36,upgrade,113,28,8040
6,36,upgrade,113,28,8040
6,36,upgrade,113,28,8040
6,37,none,113,0,3081
6,37,upgrade,113,0,3081
6,38,place,44,69,4111
6,38,place,44,69,4111
7,1,place,200,0,650
7,2,none,200,0,471
7,3,none,200,0,608
7,4,none,200,0,746
7,5,place,175,25,896
7,6,none,175,0,760
7,7,none,175,0,923
7,8,none,175,0,1105
7,9,none,175,0,1305
7,10,none,175,0,1504
7,11,none,174,1,1817
7,12,none,174,0,2006
7,13,none,174,0,2198
7,14,none,174,0,2480
7,15,upgrade,157,17,2722
7,15,place,157,17,2722
7,16,none,157,0,1928
7,17,none,157,0,2196
7,18,upgrade,157,0,2361
7,19,place,157,0,2339
7,20,none,157,0,2429
7,21,none,157,0,2615
7,21,none,157,0,2615
7,22,none,157,0,2966
7,22,none,157,0,2966
7,23,upgrade,133,24,3240
7,23,upgrade,133,24,3240
7,24,none,133,0,2627
7,24,none,133,0,2627
7,25,none,133,0,2794
7,25,none,133,0,2794
7,26,none,133,0,3129
7,26,none,133,0,3129
7,27,none,133,0,3462
7,27,none,133,0,3462
7,28,none,133,0,4124
7,28,none,133,0,4124
8,1,place,200,0,650
8,2,none,200,0,471
8,3,none,200,0,608
8,4,none,200,0,746
8,5,place,175,25,896
8,6,none,175,0,380
8,7,none,175,0,543
8,8,none,175,0,725
8,9,none,175,0,925
8,10,none,175,0,1124
8,11,none,175,0,1438
8,12,none,175,0,1627
8,13,none,175,0,1819
8,14,none,175,0,2101
8,15,place,171,4,2356
8,16,none,171,0,2352
8,17,none,171,0,2620
8,17,none,171,0,2620
8,18,none,171,0,2785
8,18,none,171,0,2785
8,19,none,171,0,3143
8,19,none,171,0,3143
8,20,upgrade,159,12,3391
8,20,place,159,12,3391
8,21,none,159,0,2877
8,21,none,159,0,2877
8,22,none,159,0,3228
8,22,none,159,0,3228
8,23,upgrade,147,12,3514
8,23,upgrade,147,12,3514
8,24,place,146,1,2860
8,24,upgrade,146,1,2860
8,25,upgrade,143,3,2389
8,26,none,143,0,2514
8,26,none,143,0,2514
8,27,none,143,0,2847
8,27,none,143,0,2847
8,28,none,143,0,3509
8,28,none,143,0,3509
8,29,none,143,0,3775
8,29,none,143,0,3775
8,30,none,143,0,4164
8,30,none,143,0,4164
8,31,none,143,0,4501
8,31,none,143,0,4501
8,32,upgrade,121,22,5016
8,32,place,121,22,5016
8,32,upgrade,121,22,5016
8,33,none,121,0,2628
8,33,none,121,0,2628
8,34,none,121,0,2833
8,34,none,121,0,2833
8,35,none,121,0,3745
8,35,none,121,0,3745
8,36,none,121,0,4895
8,36,none,121,0,4895
8,37,upgrade,67,54,5741
8,37,upgrade,67,54,5741
8,37,upgrade,67,54,5741
8,38,upgrade,15,52,6498
8,38,upgrade,15,52,6498
8,38,upgrade,15,52,6498
9,1,place,200,0,650
9,2,none,200,0,431
9,3,none,200,0,568
9,4,none,200,0,706
9,5,none,196,4,877
9,6,none,196,0,1041
9,7,none,196,0,1204
9,8,none,196,0,1386
9,9,none,196,0,1586
9,10,none,194,2,1783
9,11,upgrade,187,7,2090
9,12,none,187,0,2024
9,13,none,187,0,2216
9,14,upgrade,177,10,2488
9,15,none,177,0,2367
9,16,none,177,0,2633
9,16,none,177,0,2633
9,17,upgrade,155,22,2879
9,17,upgrade,155,22,2879
9,18,none,155,0,2454
9,19,none,155,0,2812
9,19,none,155,0,2812
9,20,none,155,0,3072
9,20,none,155,0,3072
9,21,none,155,0,3258
9,21,none,155,0,3258
9,22,none,155,0,3609
9,22,none,155,0,3609
9,23,none,155,0,3907
9,23,none,155,0,3907
9,24,none,155,0,4184
9,24,none,155,0,4184
9,25,none,155,0,4351
9,25,none,155,0,4351
9,26,none,155,0,4686
9,26,none,155,0,4686
9,27,none,155,0,5019
9,27,none,155,0,5019
9,27,none,155,0,5019
9,28,place,115,40,5641
9,28,place,115,40,5641
9,28,upgrade,115,40,5641
10,1,place,200,0,650
10,2,none,200,0,451
10,3,none,200,0,588
10,4,none,197,3,723
10,5,upgrade,187,10,888
10,6,place,178,9,833
10,7,none,178,0,316
10,8,none,178,0,498
10,9,none,178,0,698
10,10,none,178,0,897
10,11,none,178,0,1211
10,12,none,178,0,1400
10,13,none,176,2,1590
10,14,none,176,0,1872
10,15,none,176,0,2131
10,16,place,156,20,2377
10,17,place,147,9,1616
10,18,place,132,15,1452
10,19,none,132,0,1130
10,20,none,131,1,1389
10,21,none,130,1,1574
10,22,none,129,1,1924
10,23,upgrade,124,5,2217
10,24,none,124,0,1944
10,25,none,121,3,2108
10,26,upgrade,115,6,2437
10,27,none,115,0,2430
10,28,none,115,0,3092
10,28,none,115,0,3092
10,29,upgrade,109,6,3352
10,29,none,109,6,3352
10,30,none,109,0,3571
10,30,none,109,0,3571
10,31,upgrade,94,15,3893
10,31,upgrade,94,15,3893
10,32,upgrade,21,73,3824
10,32,upgrade,21,73,3824
10,33,none,21,0,3606
10,33,none,21,0,3606
10,34,none,21,0,3811
10,34,none,21,0,3811
10,35,none,21,0,4723
10,35,none,21,0,4723
10,36,none,20,1,5872
10,36,none,20,1,5872
10,36,none,20,1,5872
10,37,none,20,0,6768
10,37,none,20,0,6768
10,37,none,20,0,6768
11,1,place,200,0,650
11,2,none,200,0,471
11,3,none,200,0,608
11,4,none,200,0,746
11,5,place,175,25,896
11,6,none,175,0,790
11,7,none,175,0,953
11,8,none,175,0,1135
11,9,none,175,0,1335
11,10,none,175,0,1534
11,11,none,174,1,1847
11,12,none,174,0,2036
11,13,none,174,0,2228
11,14,none,172,2,2508
11,14,none,172,2,2508
11,15,place,162,10,2757
11,15,place,162,10,2757
11,16,none,162,0,2578
11,16,none,162,0,2578
11,17,none,162,0,2846
11,17,none,162,0,2846
11,18,upgrade,153,9,3007
11,18,upgrade,153,9,3007
11,19,none,153,0,2815
11,19,none,153,0,2815
11,20,place,146,7,3068
11,20,place,146,7,3068
11,21,place,146,0,1934
11,22,upgrade,146,0,2015
11,23,none,146,0,2143
11,24,none,146,0,2420
11,25,place,143,3,2584
11,25,none,143,3,2584
11,26,none,143,0,2069
11,27,none,143,0,2402
11,28,none,143,0,3064
11,28,none,143,0,3064
11,29,none,143,0,3330
11,29,none,143,0,3330
11,30,none,143,0,3719
11,30,none,143,0,3719
11,31,none,143,0,4056
11,31,none,143,0,4056
11,32,upgrade,89,54,4565
11,32,upgrade,89,54,4565
11,33,none,89,0,4812
11,33,none,89,0,4812
11,34,none,89,0,5017
11,34,none,89,0,5017
11,34,none,89,0,5017
11,35,none,89,0,5929
11,35,none,89,0,5929
11,35,none,89,0,5929
12,1,place,200,0,650
12,2,none,200,0,431
12,3,none,200,0,568
12,4,none,200,0,706
12,5,upgrade,178,22,859
12,6,none,178,0,813
12,7,none,178,0,976
12,8,none,178,0,1158
12,9,none,178,0,1358
12,10,none,178,0,1557
12,11,upgrade,172,6,1865
12,12,none,172,0,1759
12,13,none,168,4,1947
12,14,none,168,0,2229
12,15,upgrade,145,23,2465
12,16,place,115,30,2616
12,16,upgrade,115,30,2616
12,17,place,114,1,1818
12,18,place,107,7,1788
12,19,none,107,0,1806
12,20,none,107,0,2066
12,21,none,107,0,2252
12,22,none,104,3,2600
12,22,none,104,3,2600
12,23,place,86,18,2880
12,23,place,86,18,2880
12,24,none,86,0,1032
12,25,none,86,0,1199
12,26,none,86,0,1534
12,27,none,86,0,1867
12,28,none,86,0,2529
12,28,none,86,0,2529
12,29,none,86,0,2795
12,29,none,86,0,2795
12,30,none,86,0,3184
12,30,none,86,0,3184
12,31,none,86,0,3521
12,31,none,86,0,3521
12,32,none,86,0,4058
12,32,none,86,0,4058
12,33,none,86,0,4685
12,33,none,86,0,4685
12,34,upgrade,73,13,4877
12,34,place,73,13,4877
12,35,none,73,0,4729
12,35,none,73,0,4729
12,36,none,73,0,5879
12,36,none,73,0,5879
12,36,none,73,0,5879
12,37,none,73,0,6775
12,37,none,73,0,6775
12,37,none,73,0,6775
12,38,none,73,0,8114
12,38,none,73,0,8114
12,38,none,73,0,8114
12,38,none,73,0,8114
12,39,none,73,0,9391
12,39,none,73,0,9391
12,39,none,73,0,9391
12,39,none,73,0,9391
13,1,place,200,0,650
13,2,place,187,13,333
13,3,place,183,4,246
13,4,place,179,4,190
13,5,place,163,16,349
13,6,none,163,0,293
13,7,place,157,6,450
13,8,none,157,0,292
13,9,none,157,0,492
13,10,none,157,0,691
13,11,none,157,0,1005
13,12,none,157,0,1194
13,13,none,157,0,1386
13,14,none,157,0,1668
13,15,none,157,0,1927
13,16,upgrade,129,28,2165
13,17,place,109,20,2288
13,18,upgrade,90,19,2222
13,19,place,82,8,2477
13,20,place,64,18,2381
13,21,none,62,2,2395
13,22,upgrade,35,27,2719
13,22,upgrade,35,27,2719
14,1,place,200,0,650
14,2,none,200,0,451
14,3,none,200,0,588
14,4,place,198,2,724
14,5,none,198,0,629
14,6,upgrade,198,0,793
14,7,none,198,0,871
14,8,none,198,0,1053
14,9,none,198,0,1253
14,10,none,196,2,1450
14,11,none,196,0,1764
14,12,none,196,0,1953
14,13,upgrade,188,8,2137
14,14,none,188,0,2249
14,15,none,186,2,2506
14,15,none,186,2,2506
14,16,upgrade,154,32,2740
14,16,upgrade,154,32,2740
14,17,none,154,0,2543
14,17,none,154,0,2543
14,18,upgrade,140,14,2697
14,18,place,140,14,2697
14,19,place,140,0,2475
14,20,none,140,0,1885
14,21,none,140,0,2071
14,22,none,140,0,2422
14,23,upgrade,134,6,2714
14,23,place,134,6,2714
14,24,none,134,0,2101
14,25,none,134,0,2268
14,26,none,134,0,2603
14,26,none,134,0,2603
14,27,none,134,0,2936
14,27,none,134,0,2936
14,28,none,134,0,3598
14,28,none,134,0,3598
14,29,none,134,0,3864
14,29,none,134,0,3864
14,30,none,134,0,4253
14,30,none,134,0,4253
14,31,none,134,0,4590
14,31,none,134,0,4590
14,32,upgrade,123,11,5116
14,32,upgrade,123,11,5116
14,32,upgrade,123,11,5116
14,33,none,123,0,3193
14,33,none,123,0,3193
14,34,none,123,0,3398
14,34,none,123,0,3398
14,35,none,123,0,4310
14,35,none,123,0,4310
14,36,none,123,0,5460
14,36,none,123,0,5460
14,36,none,123,0,5460
14,37,none,123,0,6356
14,37,none,123,0,6356
14,37,none,123,0,6356
14,38,none,123,0,7695
14,38,none,123,0,7695
14,38,none,123,0,7695
14,38,none,123,0,7695
14,39,none,123,0,8972
14,39,none,123,0,8972
14,39,none,123,0,8972
14,39,none,123,0,8972
14,40,none,123,0,10731
14,40,none,123,0,10731
14,40,none,123,0,10731
14,40,none,123,0,10731
14,40,none,123,0,10731
15,1,place,200,0,650
15,2,none,200,0,301
15,3,none,200,0,438
15,4,none,200,0,576
15,5,none,200,0,751
15,6,place,194,6,909
15,7,none,194,0,732
15,8,none,194,0,914
15,9,none,194,0,1114
15,10,none,194,0,1313
15,11,none,194,0,1627
15,12,none,194,0,1816
15,13,none,194,0,2008
15,14,none,194,0,2290
15,15,none,189,5,2544
15,15,place,189,5,2544
15,16,place,181,8,2527
15,16,upgrade,181,8,2527
15,17,none,181,0,2265
15,18,none,181,0,2430
15,19,none,181,0,2788
15,19,none,181,0,2788
15,20,none,181,0,3048
15,20,none,181,0,3048
15,21,none,181,0,3234
15,21,none,181,0,3234
15,22,upgrade,172,9,3576
15,22,upgrade,172,9,3576
15,23,none,172,0,3069
15,23,none,172,0,3069
15,24,none,172,0,3346
15,24,none,172,0,3346
15,25,none,172,0,3513
15,25,none,172,0,3513
15,26,none,166,6,3842
15,26,upgrade,166,6,3842
15,27,upgrade,166,0,1370
15,28,none,166,0,1777
15,29,none,166,0,2043
15,30,none,166,0,2432
15,31,none,166,0,2769
15,31,none,166,0,2769
15,32,none,166,0,3306
15,32,none,166,0,3306
15,33,none,166,0,3933
15,33,none,166,0,3933
15,34,upgrade,164,2,4136
15,34,none,164,2,4136
15,35,none,164,0,4838
15,35,none,164,0,4838
15,36,none,164,0,5988
15,36,none,164,0,5988
15,36,none,164,0,5988
15,37,place,122,42,6852
15,37,upgrade,122,42,6852
15,37,upgrade,122,42,6852
15,38,upgrade,65,57,7454
15,38,place,65,57,7454
15,38,upgrade,65,57,7454
15,39,none,65,0,7696
15,39,none,65,0,7696
15,39,none,65,0,7696
15,39,none,65,0,7696
15,40,none,65,0,9455
15,40,none,65,0,9455
15,40,none,65,0,9455
15,40,none,65,0,9455
15,41,upgrade,65,0,9455
15,41,none,65,0,9455
15,41,none,65,0,9455
15,41,none,65,0,9455
15,42,none,65,0,9976
15,42,none,65,0,9976
15,42,none,65,0,9976
15,42,none,65,0,9976
15,43,none,65,0,12157
15,43,none,65,0,12157
15,43,none,65,0,12157
15,43,none,65,0,12157
15,43,none,65,0,12157
15,44,none,65,0,12157
15,44,none,65,0,12157
15,44,none,65,0,12157
15,44,none,65,0,12157
15,44,none,65,0,12157
16,1,place,200,0,650
16,2,place,180,20,561
16,3,none,180,0,398
16,4,none,180,0,536
16,5,place,167,13,698
16,6,none,167,0,672
16,7,none,167,0,835
16,8,none,166,1,1016
16,9,place,158,8,1208
16,10,place,154,4,1083
16,11,none,154,0,972
16,12,none,154,0,1161
16,13,none,154,0,1353
16,14,none,154,0,1635
16,15,none,154,0,1894
16,16,upgrade,148,6,2154
16,17,upgrade,142,6,2331
16,18,place,135,7,2254
16,19,none,135,0,1592
16,20,place,103,32,1825
16,21,upgrade,98,5,1666
16,22,upgrade,93,5,1587
16,23,upgrade,59,34,1426
16,24,upgrade,50,9,1314
16,25,upgrade,47,3,1268
16,26,upgrade,36,11,1469
17,1,place,200,0,650
17,2,none,200,0,431
17,3,none,200,0,568
17,4,none,200,0,706
17,5,place,191,9,872
17,6,none,191,0,816
17,7,none,191,0,979
17,8,none,191,0,1161
17,9,none,189,2,1359
17,10,upgrade,179,10,1548
17,11,place,169,10,1727
17,12,upgrade,169,0,1616
17,13,none,169,0,1553
17,14,none,169,0,1835
17,15,none,169,0,2094
17,16,upgrade,151,18,2342
17,17,upgrade,124,27,2328
17,18,none,124,0,2408
17,19,upgrade,99,25,2741
17,19,place,99,25,2741
17,20,none,99,0,2321
17,21,none,99,0,2507
17,21,none,99,0,2507
17,22,place,85,14,2844
17,22,upgrade,85,14,2844
17,23,upgrade,74,11,2411
17,24,none,74,0,2498
17,25,none,74,0,2665
17,25,none,74,0,2665
17,26,none,74,0,3000
17,26,none,74,0,3000
17,27,none,74,0,3333
17,27,none,74,0,3333
17,28,upgrade,48,26,3969
17,28,upgrade,48,26,3969
17,29,none,48,0,2115
17,30,none,48,0,2504
17,30,none,48,0,2504
17,31,none,48,0,2841
17,31,none,48,0,2841
17,32,none,48,0,3378
17,32,none,48,0,3378
17,33,none,48,0,4005
17,33,none,48,0,4005
17,34,none,48,0,4210
17,34,none,48,0,4210
17,35,none,48,0,5122
17,35,none,48,0,5122
17,35,none,48,0,5122
17,36,none,48,0,6272
17,36,none,48,0,6272
17,36,none,48,0,6272
17,37,none,48,0,7168
17,37,none,48,0,7168
17,37,none,48,0,7168
17,38,none,48,0,8507
17,38,none,48,0,8507
17,38,none,48,0,8507
17,38,none,48,0,8507
17,39,none,48,0,9784
17,39,none,48,0,9784
17,39,none,48,0,9784
17,39,none,48,0,9784
18,1,place,200,0,650
18,2,none,200,0,551
18,3,none,200,0,688
18,4,place,190,10,816
18,5,upgrade,186,4,667
18,6,none,186,0,746
18,7,none,185,1,908
18,8,upgrade,180,5,1085
18,9,upgrade,174,6,1184
18,10,place,159,15,1198
18,11,none,159,0,662
18,12,none,159,0,851
18,13,upgrade,157,2,1041
18,14,none,157,0,1198
18,15,none,153,4,1453
18,16,place,137,16,1703
18,17,upgrade,130,7,1689
18,18,upgrade,120,10,1660
18,19,none,120,0,1808
18,20,upgrade,106,14,2055
18,21,upgrade,103,3,1983
18,22,none,102,1,2238
18,23,place,90,12,2524
18,23,place,90,12,2524
18,24,upgrade,83,7,2154
18,25,upgrade,83,0,1811
18,26,none,79,4,1462
18,27,none,79,0,1795
18,28,none,76,3,2454
18,29,none,73,3,2717
18,29,upgrade,73,3,2717
18,30,none,73,0,2766
18,30,none,73,0,2766
18,31,upgrade,40,33,3070
18,31,upgrade,40,33,3070
18,32,upgrade,36,4,2798
18,32,upgrade,36,4,2798
18,33,none,36,0,2490
18,34,none,36,0,2695
18,34,none,36,0,2695
18,35,none,36,0,3607
18,35,none,36,0,3607
18,36,none,27,9,4748
18,36,none,27,9,4748
18,37,none,27,0,4748
18,37,none,27,0,4748
19,1,place,200,0,650
19,2,none,200,0,346
19,3,none,200,0,483
19,4,none,197,3,618
19,5,place,188,9,784
19,6,none,188,0,678
19,7,none,188,0,841
19,8,none,188,0,1023
19,9,upgrade,182,6,1217
19,10,place,173,9,1257
19,11,none,173,0,1351
19,12,none,173,0,1540
19,13,upgrade,170,3,1729
19,14,none,170,0,1841
19,15,none,167,3,2097
19,16,place,142,25,2338
19,17,upgrade,137,5,2131
19,18,upgrade,127,10,2079
19,19,none,127,0,2227
19,20,place,105,22,2465
19,21,upgrade,103,2,2374
19,22,upgrade,72,31,2569
19,22,upgrade,72,31,2569
19,23,upgrade,53,19,2533
19,23,upgrade,53,19,2533
19,24,upgrade,53,0,750
19,25,none,53,0,750
19,26,upgrade,43,10,1092
19,27,none,43,0,1185
19,28,none,43,0,1847
19,29,none,43,0,2113
19,30,none,43,0,2502
19,30,none,43,0,2502
19,31,none,43,0,2839
19,31,none,43,0,2839
19,32,none,43,0,3376
19,32,none,43,0,3376
19,33,none,43,0,3376
19,33,none,43,0,3376
20,1,place,200,0,650
20,2,none,200,0,431
20,3,none,200,0,568
20,4,none,200,0,706
20,5,place,182,18,863
20,6,none,182,0,557
20,7,none,182,0,720
20,8,none,182,0,902
20,9,none,182,0,1102
20,10,none,182,0,1301
20,11,none,182,0,1615
20,12,none,182,0,1804
20,13,place,180,2,1994
20,14,none,180,0,1806
20,15,none,180,0,2065
20,16,upgrade,161,19,2312
20,17,none,158,3,2282
20,18,upgrade,147,11,2439
20,19,none,147,0,2587
20,19,none,147,0,2587
20,20,place,122,25,2822
20,20,upgrade,122,25,2822
20,21,upgrade,122,0,1778
20,22,upgrade,122,0,1579
20,23,none,121,1,1666
20,24,none,121,0,1943
20,25,none,121,0,2110
20,26,place,108,13,2432
20,27,place,105,3,1742
20,28,none,105,0,2214
20,29,none,105,0,2480
20,30,none,105,0,2869
20,30,none,105,0,2869
20,31,none,105,0,3206
20,31,none,105,0,3206
20,32,upgrade,74,31,3722
20,32,upgrade,74,31,3722
20,33,none,74,0,3714
20,33,none,74,0,3714
20,34,none,74,0,3919
20,34,none,74,0,3919
20,35,none,74,0,4831
20,35,none,74,0,4831
20,36,none,68,6,5975
20,36,none,68,6,5975
20,36,none,68,6,5975
21,1,place,200,0,650
21,2,place,200,0,471
21,3,none,200,0,308
21,4,place,200,0,446
21,5,none,200,0,451
21,6,none,200,0,615
21,7,none,200,0,778
21,8,none,200,0,960
21,9,place,198,2,1158
21,10,place,198,0,1082
21,11,none,198,0,971
21,12,none,198,0,1160
21,13,none,198,0,1352
21,14,none,198,0,1634
21,15,none,198,0,1893
21,16,upgrade,189,9,2150
21,17,upgrade,177,12,2196
21,18,upgrade,172,5,2103
21,19,none,172,0,2081
21,20,none,172,0,2341
21,21,none,172,0,2527
21,21,none,172,0,2527
21,22,upgrade,165,7,2871
21,22,place,165,7,2871
21,23,none,165,0,2704
21,23,none,165,0,2704
21,24,upgrade,161,4,2977
21,24,place,161,4,2977
21,25,upgrade,161,0,764
21,26,upgrade,161,0,674
21,27,none,161,0,627
21,28,none,161,0,1289
21,29,upgrade,23,138,1417
21,30,none,23,0,1596
22,1,place,200,0,650
22,2,place,180,20,561
22,3,none,180,0,423
22,4,none,180,0,561
22,5,upgrade,161,19,717
22,6,none,161,0,796
22,7,none,161,0,959
22,8,upgrade,156,5,1136
22,9,upgrade,152,4,1162
22,10,place,141,11,1095
22,11,none,141,0,1189
22,12,none,141,0,1378
22,13,none,141,0,1570
22,14,none,139,2,1850
22,15,place,120,19,2090
22,16,place,105,15,1701
22,17,none,105,0,1699
22,18,none,101,4,1862
22,19,none,101,0,2220
22,20,upgrade,88,13,2467
22,21,none,88,0,2398
22,22,none,88,0,2749
22,22,none,88,0,2749
22,23,none,88,0,3047
22,23,none,88,0,3047
22,24,none,88,0,3324
22,24,none,88,0,3324
22,25,upgrade,85,3,3488
22,25,none,85,3,3488
22,26,none,85,0,3653
22,26,none,85,0,3653
22,27,none,85,0,3986
22,27,none,85,0,3986
22,28,none,85,0,4648
22,28,none,85,0,4648
22,29,none,85,0,4914
22,29,none,85,0,4914
22,30,place,81,4,5302
22,30,none,81,4,5302
22,30,upgrade,81,4,5302
22,31,none,81,0,4534
22,31,none,81,0,4534
22,32,upgrade,74,7,5064
22,32,none,74,7,5064
22,32,place,74,7,5064
22,33,none,74,0,4841
22,33,none,74,0,4841
22,34,none,4974,-4900,0
23,1,place,200,0,650
23,2,place,200,0,451
23,3,upgrade,200,0,313
23,4,none,200,0,196
23,5,none,200,0,371
23,6,none,200,0,535
23,7,none,200,0,698
23,8,none,200,0,880
23,9,upgrade,198,2,1078
23,10,place,191,7,1060
23,11,none,191,0,1074
23,12,none,191,0,1263
23,13,none,191,0,1455
23,14,none,191,0,1737
23,15,none,191,0,1996
23,16,upgrade,185,6,2256
23,17,none,185,0,1974
23,18,none,185,0,2139
23,19,none,185,0,2497
23,20,upgrade,179,6,2751
23,20,upgrade,179,6,2751
23,21,none,179,0,2602
23,21,none,179,0,2602
23,22,upgrade,165,14,2939
23,22,place,165,14,2939
23,23,place,159,6,2211
23,24,upgrade,154,5,2293
23,25,none,151,3,2077
23,26,none,151,0,2412
23,27,none,151,0,2745
23,27,none,151,0,2745
23,28,none,151,0,3407
23,28,none,151,0,3407
23,29,none,151,0,3673
23,29,none,151,0,3673
23,30,none,151,0,4062
23,30,none,151,0,4062
23,31,none,151,0,4399
23,31,none,151,0,4399
23,32,upgrade,83,68,4869
23,32,upgrade,83,68,4869
23,33,none,83,0,4096
23,33,upgrade,83,0,4096
23,34,none,83,0,4096
23,34,none,83,0,4096
23,35,place,11,72,5056
23,35,upgrade,11,72,5056
23,35,upgrade,11,72,5056
23,36,none,11,0,5226
23,36,place,11,0,5226
23,36,none,11,0,5226
24,1,place,200,0,650
24,2,none,200,0,471
24,3,none,200,0,608
24,4,none,200,0,746
24,5,upgrade,181,19,902
24,6,upgrade,181,0,641
24,7,place,181,0,424
24,8,upgrade,181,0,266
24,9,none,181,0,281
24,10,none,181,0,480
24,11,none,181,0,794
24,12,none,181,0,983
24,13,none,181,0,1175
24,14,none,181,0,1457
24,15,none,181,0,1716
24,16,none,181,0,1982
24,17,none,181,0,2250
24,18,none,181,0,2415
24,19,none,181,0,2773
24,19,none,181,0,2773
24,20,place,179,2,3031
24,20,none,179,2,3031
24,21,none,179,0,2537
24,21,none,179,0,2537
24,22,none,179,0,2888
24,22,none,179,0,2888
24,23,none,179,0,3186
24,23,none,179,0,3186
24,24,none,179,0,3463
24,24,none,179,0,3463
24,25,none,179,0,3630
24,25,none,179,0,3630
24,26,none,179,0,3965
24,26,none,179,0,3965
24,27,none,177,2,4296
24,27,none,177,2,4296
24,28,none,171,6,4952
24,28,place,171,6,4952
24,29,upgrade,33,138,4655
24,29,place,33,138,4655
24,30,place,33,0,4494
24,30,upgrade,33,0,4494
25,1,place,200,0,650
25,2,none,200,0,551
25,3,place,190,10,678
25,4,none,190,0,496
25,5,none,187,3,668
25,6,none,184,3,829
25,7,none,183,1,991
25,8,upgrade,176,7,1166
25,9,place,161,15,1266
25,10,place,151,10,815
25,11,upgrade,151,0,909
25,12,place,150,1,907
25,13,none,150,0,824
25,14,none,150,0,1106
25,15,none,150,0,1365
25,16,upgrade,146,4,1627
25,17,none,146,0,1685
25,18,place,118,28,1837
25,19,none,118,0,1895
25,20,none,118,0,2155
25,21,none,118,0,2341
25,22,none,118,0,2692
25,22,none,118,0,2692
25,23,place,104,14,2976
25,23,upgrade,104,14,2976
25,24,none,104,0,2278
25,25,upgrade,101,3,2442
25,26,none,101,0,2652
25,26,none,101,0,2652
25,27,none,100,1,2984
25,27,none,100,1,2984
25,28,none,100,0,3646
25,28,none,100,0,3646
25,29,none,100,0,3912
25,29,none,100,0,3912
25,30,place,97,3,4300
25,30,place,97,3,4300
25,31,upgrade,97,0,4177
25,31,none,97,0,4177
26,1,place,200,0,650
26,2,none,200,0,551
26,3,none,200,0,688
26,4,none,200,0,826
26,5,place,187,13,988
26,6,none,185,2,830
26,7,none,184,1,992
26,8,none,184,0,1174
26,9,none,184,0,1174
26,10,place,163,21,1552
26,11,none,163,0,1566
26,12,none,163,0,1755
26,13,none,163,0,1947
26,14,none,163,0,2229
26,15,none,163,0,2488
26,16,upgrade,154,9,2745
26,16,place,154,9,2745
26,17,none,154,0,2333
26,18,none,154,0,2498
26,19,none,154,0,2856
26,19,none,154,0,2856
26,20,upgrade,131,23,3097
26,20,place,131,23,3097
26,21,none,131,0,2888
26,21,place,131,0,2888
26,22,upgrade,126,5,2214
26,23,upgrade,118,8,2209
26,24,place,111,7,2394
26,25,none,111,0,1921
26,26,upgrade,103,8,2248
26,27,upgrade,103,0,1476
26,28,none,103,0,1948
26,29,none,103,0,2214
26,30,none,103,0,2603
26,30,none,103,0,2603
26,31,none,103,0,2940
26,31,none,103,0,2940
27,1,place,200,0,650
27,2,place,193,7,339
27,3,none,193,0,201
27,4,place,193,0,339
27,5,none,193,0,239
27,6,none,193,0,403
27,7,none,193,0,566
27,8,none,193,0,748
27,9,none,193,0,948
27,10,none,193,0,1147
27,11,none,193,0,1461
27,12,none,193,0,1650
27,13,none,193,0,1842
27,14,none,193,0,2124
27,15,place,186,7,2376
27,16,none,185,1,2301
27,17,none,185,0,2569
27,17,none,185,0,2569
27,18,upgrade,173,12,2726
27,18,place,173,12,2726
27,19,none,173,0,2279
27,20,none,173,0,2539
27,20,none,173,0,2539
27,21,none,173,0,2725
27,21,none,173,0,2725
27,22,none,170,3,3073
27,22,none,170,3,3073
27,23,place,160,10,3361
27,23,upgrade,160,10,3361
27,24,none,160,0,3043
27,24,none,160,0,3043
27,25,none,160,0,3210
27,25,none,160,0,3210
27,26,none,160,0,3545
27,26,none,160,0,3545
27,27,none,160,0,3878
27,27,none,160,0,3878
27,28,none,160,0,4540
27,28,none,160,0,4540
27,29,place,22,138,4668
27,29,place,22,138,4668
27,30,none,22,0,4537
27,30,none,22,0,4537
28,1,place,200,0,650
28,2,none,200,0,301
28,3,place,198,2,436
28,4,upgrade,198,0,234
28,5,none,198,0,199
28,6,none,198,0,363
28,7,none,198,0,526
28,8,none,198,0,708
28,9,none,198,0,908
28,10,none,198,0,1107
28,11,none,198,0,1421
28,12,none,197,1,1609
28,13,upgrade,189,8,1793
28,14,none,189,0,1525
28,15,none,185,4,1780
28,16,place,178,7,2039
28,17,none,178,0,1457
28,18,none,178,0,1622
28,19,none,178,0,1980
28,20,none,175,3,2237
28,21,none,170,5,2418
28,22,none,164,6,2763
28,22,none,164,6,2763
28,23,upgrade,146,18,3043
28,23,upgrade,146,18,3043
28,24,place,132,14,2221
28,25,place,132,0,2118
28,26,none,132,0,2233
28,27,none,132,0,2566
28,27,none,132,0,2566
28,28,none,132,0,3228
28,28,none,132,0,3228
28,29,none,132,0,3494
28,29,none,132,0,3494
28,30,none,132,0,3883
28,30,none,132,0,3883
28,31,none,132,0,4220
28,31,none,132,0,4220
28,32,place,111,21,4739
28,32,upgrade,111,21,4739
28,33,none,110,1,2345
28,34,none,110,0,2550
28,34,none,110,0,2550
28,35,none,110,0,3462
28,35,none,110,0,3462
28,36,upgrade,99,11,4601
28,36,place,99,11,4601
28,37,upgrade,18,81,3887
28,37,place,18,81,3887
29,1,place,200,0,650
29,2,none,200,0,471
29,3,none,200,0,608
29,4,none,200,0,746
29,5,place,186,14,907
29,6,none,186,0,771
29,7,none,186,0,934
29,8,none,186,0,1116
29,9,none,186,0,1316
29,10,place,172,14,1501
29,11,upgrade,164,8,787
29,12,none,164,0,596
29,13,none,164,0,788
29,14,none,164,0,1070
29,15,place,155,9,1320
29,16,upgrade,125,30,1366
29,17,upgrade,88,37,1302
29,18,none,88,0,1282
29,19,none,88,0,1640
29,20,upgrade,83,5,1895
29,21,none,83,0,1656
29,22,none,83,0,2007
29,23,place,75,8,2297
29,24,none,75,0,2104
29,25,none,72,3,2268
29,26,none,69,3,2600
29,26,none,69,3,2600
29,27,none,69,0,2933
29,27,none,69,0,2933
30,1,place,200,0,650
30,2,none,200,0,496
30,3,none,200,0,633
30,4,upgrade,199,1,770
30,5,place,173,26,794
30,6,none,173,0,638
30,7,none,173,0,801
30,8,none,173,0,983
30,9,upgrade,169,4,1179
30,10,place,158,11,1197
30,11,none,158,0,1086
30,12,none,158,0,1275
30,13,upgrade,153,5,1462
30,14,none,153,0,1364
30,15,none,153,0,1623
30,16,place,140,13,1876
30,17,place,140,0,1294
30,18,upgrade,140,0,609
30,19,none,140,0,842
30,20,none,140,0,1102
30,21,none,140,0,1288
30,22,place,130,10,1629
30,23,place,101,29,1558
30,24,upgrade,98,3,1612
30,25,none,98,0,1569
30,26,none,98,0,1904
30,27,upgrade,94,4,2233
30,28,none,94,0,2385
30,29,upgrade,82,12,2639
30,29,upgrade,82,12,2639
30,30,none,82,0,2648
30,30,none,82,0,2648
30,31,upgrade,71,11,2974
30,31,upgrade,71,11,2974
30,32,none,71,0,2196
30,33,none,71,0,2823
30,33,none,71,0,2823
30,34,none,71,0,3028
30,34,none,71,0,3028
30,35,none,71,0,3940
30,35,none,71,0,3940
30,36,none,71,0,5090
30,36,none,71,0,5090
30,36,none,71,0,5090
30,37,place,59,12,5978
30,37,upgrade,59,12,5978
30,37,upgrade,59,12,5978
30,38,place,34,25,6562
30,38,upgrade,34,25,6562
30,38,place,34,25,6562
30,39,none,34,0,5969
30,39,none,34,0,5969
30,39,none,34,0,5969
30,40,none,34,0,7730
30,40,none,34,0,7730
30,40,none,34,0,7730
30,40,none,34,0,7730
30,41,none,34,0,7730
30,41,none,34,0,7730
30,41,none,34,0,7730
30,41,none,34,0,7730
30,42,none,34,0,8251
30,42,none,34,0,8251
30,42,none,34,0,8251
30,42,none,34,0,8251
30,43,none,34,0,10432
30,43,none,34,0,10432
30,43,none,34,0,10432
30,43,none,34,0,10432
30,43,none,34,0,10432
30,44,none,34,0,10432
30,44,none,34,0,10432
30,44,upgrade,34,0,10432
30,44,none,34,0,10432
30,44,none,34,0,10432
31,1,place,200,0,650
31,2,none,200,0,471
31,3,none,200,0,608
31,4,none,200,0,746
31,5,upgrade,184,16,905
31,6,none,184,0,689
31,7,none,184,0,852
31,8,place,181,3,1031
31,9,none,181,0,891
31,10,none,181,0,1090
31,11,none,181,0,1404
31,12,none,181,0,1593
31,13,none,180,1,1784
31,14,none,180,0,2066
31,15,upgrade,175,5,2320
31,16,upgrade,160,15,2276
31,17,none,160,0,2359
31,18,none,160,0,2524
31,18,none,160,0,2524
31,19,upgrade,154,6,2876
31,19,none,154,6,2876
31,20,none,150,4,2922
31,20,place,150,4,2922
31,21,none,150,0,2808
31,21,none,150,0,2808
31,22,none,150,0,3159
31,22,none,150,0,3159
31,23,upgrade,131,19,3438
31,23,place,131,19,3438
31,24,none,131,0,1295
31,25,none,131,0,1462
31,26,none,131,0,1797
31,27,none,131,0,2130
31,28,none,131,0,2792
31,28,none,131,0,2792
32,1,place,200,0,650
32,2,none,200,0,301
32,3,none,200,0,438
32,4,none,199,1,575
32,5,none,198,1,749
32,6,place,183,15,898
32,7,none,183,0,741
32,8,none,183,0,923
32,9,none,183,0,1123
32,10,none,177,6,1316
32,11,none,177,0,1630
32,12,none,172,5,1814
32,13,place,166,6,2000
32,14,place,154,12,1250
32,15,none,154,0,1319
32,16,place,136,18,1567
32,17,upgrade,136,0,1565
32,18,none,134,2,1518
32,19,none,134,0,1876
32,20,none,128,6,2130
32,21,none,127,1,2315
32,22,place,92,35,2631
32,22,upgrade,92,35,2631
32,23,upgrade,75,17,2572
32,23,upgrade,75,17,2572
32,24,upgrade,70,5,2084
32,25,upgrade,67,3,2008
32,26,upgrade,58,9,1996
32,27,upgrade,39,19,2140
32,28,upgrade,35,4,2458
32,29,upgrade,31,4,2550
32,29,upgrade,31,4,2550
32,30,none,31,0,984
32,31,none,31,0,1321
32,32,none,31,0,1858
32,33,none,31,0,2485
33,1,place,200,0,650
33,2,none,200,0,551
33,3,upgrade,194,6,682
33,4,upgrade,179,15,720
33,5,place,158,21,684
33,6,none,158,0,573
33,7,none,158,0,736
33,8,none,158,0,918
33,9,none,158,0,1118
33,10,none,157,1,1316
33,11,none,154,3,1627
33,12,place,149,5,1811
33,13,upgrade,147,2,1831
33,14,none,147,0,2018
33,15,upgrade,133,14,2263
33,16,place,118,15,2429
33,17,upgrade,118,0,2357
33,18,none,117,1,2226
33,19,none,114,3,2581
33,19,none,114,3,2581
33,20,place,109,5,2836
33,20,none,109,5,2836
33,21,none,109,0,2382
33,22,none,109,0,2733
33,22,none,109,0,2733
33,23,none,108,1,3030
33,23,none,108,1,3030
33,24,none,107,1,3306
33,24,none,107,1,3306
33,25,place,104,3,3470
33,25,none,104,3,3470
33,26,upgrade,99,5,3525
33,26,upgrade,99,5,3525
33,27,none,99,0,3508
33,27,none,99,0,3508
33,28,none,99,0,4170
33,28,none,99,0,4170
33,29,none,99,0,4436
33,29,none,99,0,4436
33,30,none,99,0,4825
33,30,none,99,0,4825
33,31,none,99,0,5162
33,31,none,99,0,5162
33,31,none,99,0,5162
33,32,upgrade,70,29,5685
33,32,upgrade,70,29,5685
33,32,upgrade,70,29,5685
33,33,none,66,4,5948
33,33,upgrade,66,4,5948
33,33,upgrade,66,4,5948
33,34,none,66,0,5643
33,34,none,66,0,5643
33,34,none,66,0,5643
33,35,none,66,0,6555
33,35,none,66,0,6555
33,35,none,66,0,6555
33,36,upgrade,54,12,7693
33,36,upgrade,54,12,7693
33,36,upgrade,54,12,7693
33,36,upgrade,54,12,7693
34,1,place,200,0,650
34,2,none,200,0,301
34,3,place,196,4,434
34,4,none,196,0,297
34,5,none,196,0,472
34,6,upgrade,196,0,636
34,7,none,196,0,589
34,8,none,196,0,771
34,9,none,196,0,971
34,10,upgrade,191,5,1165
34,11,place,189,2,927
34,12,none,189,0,816
34,13,none,189,0,1008
34,14,none,189,0,1290
34,15,none,187,2,1547
34,16,upgrade,171,16,1797
34,17,none,170,1,1684
34,18,none,170,0,1849
34,19,upgrade,160,10,2197
34,20,place,150,10,2042
34,21,none,150,0,1928
34,22,upgrade,142,8,2271
34,23,upgrade,136,6,2308
34,24,none,134,2,1733
34,25,none,131,3,1897
34,26,place,117,14,2218
34,27,none,117,0,2361
34,28,upgrade,101,16,3007
34,28,upgrade,101,16,3007
34,29,upgrade,94,7,2501
34,29,upgrade,94,7,2501
34,30,none,94,0,2020
34,31,none,94,0,2407
34,32,none,94,0,2944
34,32,none,94,0,2944
34,33,none,94,0,3571
34,33,none,94,0,3571
34,34,upgrade,22,72,3704
34,34,place,22,72,3704
34,35,none,22,0,3936
34,35,none,22,0,3936
34,36,none,22,0,5086
34,36,none,22,0,5086
34,36,none,22,0,5086
35,1,place,200,0,650
35,2,none,200,0,501
35,3,none,200,0,638
35,4,none,200,0,776
35,5,place,195,5,946
35,6,place,195,0,920
35,7,none,195,0,913
35,8,none,195,0,1095
35,9,none,195,0,1295
35,10,none,195,0,1494
35,11,none,195,0,1808
35,12,none,195,0,1997
35,13,none,195,0,2189
35,14,none,194,1,2470
35,15,place,180,14,2715
35,15,upgrade,180,14,2715
35,16,upgrade,176,4,2577
35,16,upgrade,176,4,2577
35,17,place,176,0,2225
35,18,none,176,0,1920
35,19,none,176,0,2278
35,20,none,176,0,2538
35,20,none,176,0,2538
35,21,none,176,0,2724
35,21,none,176,0,2724
35,22,upgrade,162,14,3061
35,22,upgrade,162,14,3061
35,23,none,159,3,3101
35,23,none,159,3,3101
35,24,none,159,0,3378
35,24,none,159,0,3378
35,25,none,156,3,3542
35,25,place,156,3,3542
35,26,none,155,1,3576
35,26,none,155,1,3576
35,27,none,155,0,3909
35,27,none,155,0,3909
35,28,none,155,0,4571
35,28,none,155,0,4571
35,29,none,155,0,4837
35,29,none,155,0,4837
35,30,none,155,0,5226
35,30,none,155,0,5226
35,30,none,155,0,5226
35,31,upgrade,151,4,5559
35,31,none,151,4,5559
35,31,place,151,4,5559
35,32,upgrade,134,17,5433
35,32,upgrade,134,17,5433
35,32,upgrade,134,17,5433
35,33,none,134,0,5520
35,33,none,134,0,5520
35,33,none,134,0,5520
35,34,upgrade,62,72,5653
35,34,place,62,72,5653
35,34,upgrade,62,72,5653
35,35,none,62,0,2870
35,35,none,62,0,2870
35,36,none,62,0,4020
35,36,none,62,0,4020
35,37,place,32,30,4887
35,37,upgrade,32,30,4887
36,1,place,200,0,650
36,2,upgrade,200,0,431
36,3,none,200,0,358
36,4,none,200,0,496
36,5,none,200,0,671
36,6,none,200,0,835
36,7,none,200,0,998
36,8,none,200,0,1180
36,9,none,200,0,1380
36,10,none,200,0,1579
36,11,none,200,0,1893
36,12,none,200,0,2082
36,13,place,191,9,2265
36,14,none,191,0,2247
36,15,none,191,0,2506
36,15,none,191,0,2506
36,16,none,190,1,2771
36,16,none,190,1,2771
36,17,none,189,1,3038
36,17,none,189,1,3038
36,18,none,189,0,3203
36,18,none,189,0,3203
36,19,place,185,4,3557
36,19,none,185,4,3557
36,20,upgrade,182,3,3494
36,20,upgrade,182,3,3494
36,21,none,182,0,2875
36,21,upgrade,182,0,2875
36,22,none,182,0,2886
36,22,none,182,0,2886
36,23,none,182,0,3184
36,23,none,182,0,3184
36,24,none,182,0,3461
36,24,none,182,0,3461
36,25,none,179,3,3625
36,25,upgrade,179,3,3625
36,26,none,179,0,3790
36,26,none,179,0,3790
36,27,none,179,0,4123
36,27,none,179,0,4123
36,28,none,179,0,4785
36,28,none,179,0,4785
36,29,place,175,4,5047
36,29,none,175,4,5047
36,29,place,175,4,5047
36,30,upgrade,175,0,4416
36,30,none,175,0,4416
36,31,none,175,0,4568
36,31,none,175,0,4568
36,32,none,175,0,5105
36,32,none,175,0,5105
36,32,none,175,0,5105
36,33,none,175,0,5732
36,33,none,175,0,5732
36,33,none,175,0,5732
36,34,place,103,72,5865
36,34,upgrade,103,72,5865
36,34,place,103,72,5865
36,35,none,103,0,3782
36,35,upgrade,103,0,3782
36,36,none,103,0,4722
36,36,none,103,0,4722
36,37,upgrade,43,60,5558
36,37,upgrade,43,60,5558
36,37,place,43,60,5558
37,1,place,200,0,650
37,2,none,200,0,471
37,3,place,200,0,608
37,4,none,200,0,476
37,5,none,200,0,651
37,6,none,200,0,815
37,7,none,200,0,978
37,8,none,200,0,1160
37,9,none,200,0,1360
37,10,none,200,0,1559
37,11,none,200,0,1873
37,12,none,200,0,2062
37,13,upgrade,193,7,2247
37,14,none,193,0,2319
37,15,none,193,0,2578
37,15,none,193,0,2578
37,16,place,182,11,2833
37,16,upgrade,182,11,2833
37,17,upgrade,182,0,681
37,18,none,182,0,466
37,19,none,182,0,824
37,20,none,182,0,1084
37,21,none,182,0,1270
37,22,none,182,0,1621
37,23,none,182,0,1919
37,24,none,182,0,2196
37,25,upgrade,179,3,2360
37,26,none,179,0,2525
37,26,none,179,0,2525
37,27,none,179,0,2858
37,27,none,179,0,2858
37,28,none,179,0,3520
37,28,none,179,0,3520
37,29,upgrade,41,138,3648
37,29,upgrade,41,138,3648
37,30,none,41,0,1302
38,1,place,200,0,650
38,2,none,200,0,471
38,3,none,200,0,608
38,4,none,200,0,746
38,5,place,180,20,901
38,6,none,180,0,895
38,7,none,180,0,1058
38,8,none,180,0,1240
38,9,none,180,0,1440
38,10,upgrade,178,2,1637
38,11,none,178,0,1876
38,12,none,178,0,2065
38,13,none,174,4,2253
38,14,none,174,0,2535
38,14,none,174,0,2535
38,15,place,144,30,2764
38,15,upgrade,144,30,2764
38,16,upgrade,134,10,2170
38,17,none,134,0,2143
38,18,upgrade,118,16,2302
38,19,none,118,0,2575
38,19,none,118,0,2575
38,20,upgrade,100,18,2817
38,20,place,100,18,2817
38,21,upgrade,97,3,2490
38,22,upgrade,82,15,2061
38,23,place,50,32,2072
38,24,upgrade,48,2,2007
38,25,none,48,0,1879
38,26,none,48,0,2214
38,27,none,48,0,2547
38,27,none,48,0,2547
38,28,none,46,2,3207
38,28,none,46,2,3207
38,29,place,34,12,3461
38,29,upgrade,34,12,3461
38,30,none,34,0,3320
38,30,none,34,0,3320
38,31,none,34,0,3657
38,31,none,34,0,3657
